"26","103.44.96.234","D5KSBIAZ2Z","2020-07-21","158427","685026","55325","25","male","16","My opinion","My opinion","nonw","2,2,2,2,2,1,1,1,2,1,1,1,1,2,2,1,1,2,1,2","3,3,3,2,1,4,3,3,3,3,3,3,3,2,2,3,1,1,1,1","7,7,7,5,4,3,3,3,3,3,3,3,2,2,8,3,3,2,2,3","2,2,1,1,1,1,2,1,1,1,1,2,1,1,1,1,1,1,1,2","3,2,3,3,3,3,3,2,2,2,2,2,3,4,4,2,3,4,1,3","6,6,6,5,3,3,3,3,7,6,1,3,3,3,5,3,3,5,4,3","1,1,1,1,2,1,1,1,1,2,1,1,1,1,1,1,1,1,2,1","4,2,3,1,3,2,2,2,1,4,4,4,2,3,1,1,1,1,1,1","8,4,2,2,2,2,6,7,6,2,3,3,3,3,3,1,2,3,3,3","1,1,1,1,1,1,1,1,1,1,1,1,1,1,1,1,1,1,1,1","1,1,1,1,1,1,1,1,1,1,1,1,1,1,1,1,4,2,1,3","3,6,3,6,3,1,5,7,6,3,2,6,6,2,5,3,3,3,3,3","1,0,0,0,0,1,1,0,0,1,1,1,0,1,0,1,0,0,1,1","1,1,0,0,1,0,1,0,1,1,1,1,0,1,0,0,1,1,1,0","1,0,0,0,0,1,1,1,1,1,1,0,1,0,0,1,0,1,0,1","0,0,1,1,1,0,0,1,1,1,1,0,1,1,1,1,1,1,1,0","0,0,1,0,1,1,0,1,1,0,1,0,0,0,0,0,0,0,1,0","1,0,0,0,1,1,1,0,0,0,0,1,1,0,0,1,0,0,0,1","1,1,0,1,0,0,0,0,0,0,0,0,0,0,0,0,0,0,0,1","0,1,0,1,0,1,1,1,1,1,0,0,0,1,1,1,1,1,1,1","0,0,1,1,1,0,1,0,0,0,1,1,1,1,0,0,0,1,1,0","1,1,0,1,1,1,1,0,1,0,1,1,1,1,1,1,1,1,1,0","1,1,1,1,1,1,1,0,1,1,1,1,1,1,0,0,0,0,0,0","1,1,1,1,0,0,0,1,1,1,0,0,0,0,0,1,1,1,1,1","4Mid,2Low,8High,4High,4Low,8No,4No,2High,8Low,2Mid,8Mid,2No","14,14,12,13,7,11,12,16,8,4,10,10","2.31"
"27","65.188.179.223","GTH1RXXFGU","2020-07-21","90807","717419","21729","23","male","16","i did it myself","ignored it","NULL","2,1,2,1,1,1,1,1,1,1,1,1,1,1,1,1,1,1,1,1","4,3,2,3,2,4,4,3,2,4,2,4,2,4,2,4,2,2,2,2","7,1,5,7,1,5,7,1,5,7,1,5,7,1,5,7,7,7,7,7","2,1,2,1,2,1,1,1,1,1,1,1,1,1,1,1,1,1,1,1","4,3,4,3,3,3,3,3,3,3,3,3,3,3,3,3,3,3,3,3","6,5,4,8,7,4,8,7,4,8,7,7,7,7,7,7,7,7,7,7","1,2,1,2,2,2,1,1,2,2,2,2,1,2,2,1,2,1,1,1","4,3,2,3,3,3,3,3,3,3,3,3,3,3,3,3,3,3,3,3","4,1,8,4,8,8,8,8,8,5,8,8,8,8,8,8,8,8,8,8","1,2,1,2,1,1,1,1,1,1,1,1,1,1,1,1,1,1,1,1","4,3,2,1,3,1,2,4,3,1,3,1,1,1,1,1,1,1,1,1","7,2,6,7,6,7,6,7,6,6,6,6,6,6,6,6,6,6,6,6","0,1,0,1,1,0,1,0,1,1,1,1,0,0,1,1,0,0,0,0","0,1,1,0,0,1,1,0,1,0,0,0,0,0,0,0,1,0,0,0","1,1,1,1,1,1,0,0,0,0,0,0,1,0,0,0,1,0,0,1","0,0,1,1,0,1,1,1,0,1,0,1,1,1,0,1,1,1,0,1","1,1,0,1,1,1,1,1,1,0,1,1,0,1,1,1,0,1,1,1","1,0,1,1,1,1,1,1,0,0,1,1,1,0,1,1,1,1,1,0","1,0,0,0,0,0,1,1,0,0,0,0,0,0,0,0,0,1,1,0","0,1,0,1,0,1,1,1,0,0,1,0,1,0,1,1,1,1,1,1","1,0,1,0,1,1,0,0,0,0,1,0,1,0,1,0,1,0,1,0","0,0,1,0,1,1,1,0,1,1,0,1,1,0,0,0,0,0,1,1","0,1,0,1,0,0,0,0,1,1,0,1,1,1,0,1,1,1,1,1","1,0,1,1,1,1,1,0,1,0,1,1,0,1,0,1,0,1,1,0","2Mid,8Low,4Low,4Mid,8Mid,8No,4High,2Low,8High,2High,4No,2No","5,15,16,13,9,9,12,13,13,10,6,10","2.31"
"28","196.19.156.81","5WCQE62MHG","2020-07-21","117326","670875","103654","28","female","17","As per my wish","As per my wish","nice","2,1,1,2,1,2,1,1,2,2,2,2,1,1,1,1,1,1,2,2","3,4,2,1,2,1,2,2,2,1,4,3,2,1,1,1,1,1,1,1","5,2,3,3,8,3,8,3,3,8,8,8,3,3,3,8,3,4,1,8","1,2,2,2,2,1,2,1,2,2,2,1,1,1,2,2,2,1,1,2","3,2,2,2,2,2,3,2,2,3,4,1,2,3,1,1,1,1,4,3","6,5,5,7,6,3,2,3,2,2,8,3,2,3,2,2,5,7,2,2","1,2,2,2,2,1,2,1,1,1,1,1,1,2,1,1,1,1,1,1","3,2,4,1,1,1,3,1,1,4,2,4,1,4,1,1,1,1,1,1","8,2,3,4,7,5,4,4,8,5,3,3,3,3,7,5,3,3,3,3","2,1,1,2,1,2,1,2,1,2,2,2,2,2,1,1,2,1,1,1","1,1,1,3,4,1,2,2,4,2,1,4,2,2,1,2,4,2,1,1","2,3,3,2,7,3,7,3,3,3,3,3,3,5,3,3,3,3,3,3","0,1,0,0,1,0,0,1,0,0,1,0,0,1,1,1,1,0,1,0","0,0,1,1,0,0,1,1,0,0,0,0,0,1,1,1,1,1,1,1","0,0,1,0,0,0,1,1,0,0,0,0,1,1,0,0,0,0,0,1","1,0,0,1,0,1,0,1,0,0,0,1,0,1,1,0,0,1,0,0","0,1,0,0,0,1,0,1,0,0,0,1,0,1,1,1,1,0,0,1","0,0,0,0,0,1,1,0,0,1,1,0,1,0,1,1,0,1,0,1","0,0,0,0,0,1,0,0,1,1,1,1,1,0,1,1,1,0,1,1","0,0,0,1,0,1,0,1,1,0,0,1,1,0,0,0,1,1,1,1","0,0,0,0,1,0,0,1,1,0,1,1,1,1,1,0,1,1,1,1","0,1,0,0,0,0,0,0,0,0,0,0,1,0,1,1,0,1,1,1","0,1,0,1,0,0,1,0,1,1,0,1,1,1,0,0,0,0,1,1","0,1,1,1,1,0,0,0,0,0,1,1,1,0,1,0,1,1,1,1","8Low,2No,2Mid,8Mid,2High,8No,4Mid,4No,4Low,2Low,8High,4High","9,9,11,12,7,6,10,11,9,8,12,10","2.14"
"29","38.68.48.23","5IGSB9HYEG","2020-07-21","204270","954095","79381","28","male","16","simple formula only","slightly next what demonstrator told....","NULL","2,1,1,1,1,1,1,1,1,2,2,1,1,1,1,1,2,1,1,2","1,4,2,3,2,1,4,3,1,4,2,3,3,1,2,4,1,2,3,4","8,7,1,4,5,2,4,1,4,2,5,8,1,7,2,5,1,3,6,5","2,1,2,2,1,2,1,1,2,2,2,2,1,1,2,2,1,2,2,1","1,4,3,1,2,3,4,2,1,3,3,4,2,3,1,4,3,1,4,3","1,3,2,5,4,1,8,3,3,1,4,3,2,5,8,4,1,5,4,8","2,1,1,2,2,1,2,1,1,1,1,1,1,1,1,1,1,1,1,2","2,1,4,3,3,1,4,2,3,1,4,2,3,1,4,3,1,2,1,4","5,1,8,4,6,5,5,2,5,1,4,3,6,5,1,4,5,1,8,3","1,1,1,2,1,1,2,1,1,1,1,1,1,1,2,1,1,1,1,1","3,2,4,1,2,3,1,4,4,1,2,4,3,3,1,2,4,3,2,3","4,5,3,1,7,6,8,4,5,2,3,6,7,1,4,5,3,6,2,8","0,1,1,1,1,1,0,1,0,0,0,1,0,1,0,0,0,1,1,0","1,0,1,1,0,1,0,1,1,1,1,0,1,0,1,0,1,0,1,0","1,1,0,0,1,1,0,1,1,0,0,0,0,0,1,0,0,1,1,0","0,0,1,0,1,0,1,1,0,0,0,0,1,1,1,0,1,1,0,1","0,1,1,1,0,1,1,1,1,0,0,0,0,1,1,0,1,1,0,1","0,1,1,0,1,0,0,1,0,1,0,0,1,0,0,0,0,1,0,0","0,1,1,0,0,1,0,0,1,0,0,1,1,1,0,0,1,1,1,0","0,1,0,1,0,1,1,1,0,1,1,1,0,1,0,0,1,0,0,0","0,1,1,1,1,0,0,1,1,0,0,1,0,1,0,0,0,1,1,1","1,1,0,0,0,0,0,1,0,1,0,1,1,0,0,0,1,0,1,1","0,0,1,1,0,1,1,0,1,1,1,0,1,0,1,0,1,1,0,0","0,0,1,1,1,1,1,0,0,1,1,1,1,0,1,0,1,0,1,0","2Low,4No,4Low,8High,2No,8Low,2Mid,4Mid,2High,8Mid,8No,4High","10,12,12,12,10,7,10,10,9,11,9,11","2.23"
"30","69.1.25.160","0FPMBN8GFK","2020-07-21","349886","867974","71291","34","female","16","The first slot I picked that produced a coin, I usually stuck with that slot.","I found the demonstrator were wrong so I usually pretended there was not a demonstrator.","NULL","2,2,2,2,2,1,1,1,1,1,1,1,1,1,1,1,1,1,2,2","4,2,1,1,1,1,1,1,1,1,1,1,1,1,1,1,1,1,1,1","6,8,1,1,1,1,1,1,1,1,1,1,1,1,8,1,1,7,3,3","2,2,2,2,2,2,2,1,1,1,1,1,1,1,1,1,1,1,1,1","3,1,1,1,1,1,1,1,1,1,1,2,1,1,1,1,1,1,1,1","6,5,5,5,6,3,1,2,8,7,4,2,5,4,2,2,2,2,2,2","2,2,2,2,2,1,1,1,1,1,1,1,1,1,1,1,1,1,1,1","3,2,1,3,3,4,1,2,2,4,2,4,1,4,1,1,3,2,2,2","8,4,2,4,7,6,3,3,3,3,8,3,3,7,7,7,7,7,7,7","2,1,1,1,1,1,1,1,1,1,1,1,1,1,1,1,1,1,1,1","3,3,3,3,3,3,3,3,3,3,3,3,3,3,3,3,3,3,3,3","6,6,6,6,6,6,6,6,6,6,6,6,6,6,6,6,6,6,6,6","0,0,0,1,0,0,1,0,1,0,0,0,0,0,0,1,1,0,0,0","0,0,1,1,1,1,1,1,1,1,1,1,1,1,1,0,1,1,1,0","0,0,1,1,1,0,1,0,1,1,1,0,0,0,0,1,0,0,1,1","0,0,0,0,0,0,0,1,0,1,1,1,1,1,0,0,1,1,0,1","0,1,1,1,1,1,1,1,0,1,1,0,1,0,1,1,1,1,1,1","1,1,0,0,0,0,0,0,0,0,0,1,0,0,1,1,1,0,1,1","0,1,0,0,0,0,0,1,1,1,1,1,0,1,1,0,0,1,0,1","0,0,1,1,0,0,0,1,0,1,0,1,1,0,0,0,0,1,0,0","0,0,0,0,1,0,1,1,1,1,0,1,0,1,1,1,1,1,0,0","0,0,1,1,1,1,1,1,1,1,1,0,1,0,0,1,1,1,1,1","1,1,0,1,1,0,1,0,1,0,1,1,1,1,0,1,0,1,0,1","0,1,1,1,1,1,0,0,1,0,0,1,0,1,1,0,0,1,1,0","4Mid,8Low,2Mid,2Low,4Low,2High,4High,8Mid,8High,2No,4No,8No","7,8,10,9,16,15,13,11,11,5,16,10","2.31"
"31","69.251.108.191","YH7FJHZ2KQ","2020-07-21","843013","764166","76976","25","female","14","I clicked on a random one and stuck with the one that produced a coin.","I sometimes went with what the demonstrator did. Most of the time, I went with my own choice.","NULL","2,1,1,1,1,1,1,1,1,1,1,1,1,1,1,1,1,1,1,1","3,2,1,1,2,4,4,3,3,2,1,1,2,1,3,4,3,4,2,2","7,7,7,7,7,7,7,7,7,7,5,7,2,3,3,3,3,3,3,3","2,1,1,2,2,2,1,1,1,1,1,1,1,1,1,1,1,1,1,1","3,2,3,3,2,2,4,1,1,1,1,1,1,1,1,1,1,1,1,1","6,5,7,7,7,7,7,7,7,7,7,7,7,7,7,7,7,7,7,7","1,2,1,2,2,2,2,1,2,1,1,2,2,1,1,2,1,2,2,1","3,2,1,1,1,1,1,1,1,1,1,1,1,1,1,1,1,1,1,1","8,8,8,8,8,8,8,8,8,3,3,3,3,3,3,3,3,3,3,3","1,2,2,1,1,2,1,1,1,1,1,1,1,1,1,1,1,1,1,1","1,1,1,3,4,1,1,1,2,2,2,2,2,2,1,1,1,1,1,1","3,3,3,3,3,3,3,3,3,3,3,3,3,3,3,3,3,3,3,3","0,0,1,1,1,0,1,1,0,1,1,1,1,1,1,1,0,0,1,1","0,0,0,0,0,1,0,1,0,0,0,1,0,0,1,1,0,0,0,0","1,1,0,1,0,1,0,1,0,0,0,0,0,1,1,1,0,1,0,0","0,0,0,0,0,0,1,1,1,1,1,1,0,1,1,0,1,0,0,0","1,0,1,0,0,0,0,1,1,1,0,1,1,1,1,1,1,0,1,1","0,0,1,0,1,1,1,0,1,1,1,0,1,1,1,1,0,0,1,0","1,0,0,0,0,0,0,1,0,1,1,0,0,1,1,0,1,0,0,1","0,0,1,1,1,1,1,1,0,1,1,0,0,1,0,1,1,1,1,1","1,1,0,0,0,0,1,0,0,1,1,1,1,1,1,1,0,0,1,0","0,0,0,0,0,0,1,1,1,1,0,1,1,1,0,0,1,0,1,1","1,1,1,1,0,1,0,0,1,1,0,1,0,0,1,1,1,1,1,1","1,1,1,1,0,1,1,1,1,1,1,1,0,1,0,1,1,0,1,0","4High,2Mid,4No,4Low,8High,8No,2Low,8Mid,4Mid,2High,8Low,2No","14,8,5,13,15,9,9,11,14,10,12,14","2.34"
"32","193.39.186.99","L1JR3707KP","2020-07-21","503245","882373","281318","30","male","2","Its very useful to improve our knowledge.","Vey good to read this content..","None","1,1,1,2,1,2,2,1,1,2,1,1,2,2,1,1,1,1,1,1","2,4,2,1,3,4,2,3,1,2,4,3,1,2,4,3,1,4,2,4","8,2,4,6,1,8,8,7,5,4,3,4,4,3,1,8,5,4,8,6","1,1,2,1,2,2,1,2,2,1,2,2,1,1,1,1,2,1,1,1","3,2,4,3,2,2,1,2,3,3,3,3,1,1,2,2,1,1,4,3","6,5,5,5,3,3,3,3,3,3,1,3,3,2,3,3,5,4,3,3","1,2,1,2,2,1,1,1,2,1,1,1,1,1,1,2,1,2,1,1","3,2,3,1,1,1,3,1,1,4,2,4,1,4,2,1,1,1,1,1","8,7,5,4,2,1,3,4,5,7,3,3,3,8,4,1,3,6,7,8","1,1,1,1,2,2,1,1,1,1,1,1,1,1,1,1,2,1,1,1","1,1,1,3,4,1,1,1,1,1,1,1,1,2,1,1,1,1,1,1","3,3,3,2,7,3,7,3,3,3,3,3,3,5,3,3,3,3,3,3","1,1,0,0,0,0,1,1,1,0,1,0,0,0,1,1,1,1,1,1","1,1,0,1,1,1,1,1,1,0,1,0,1,0,1,1,1,1,1,1","1,0,0,0,0,1,0,0,0,0,1,1,0,0,0,0,1,0,0,0","1,0,0,0,0,1,1,0,0,1,0,0,1,1,1,0,0,1,0,1","0,1,0,0,1,0,0,0,1,1,1,0,1,1,0,1,1,1,1,0","0,0,0,0,1,1,1,1,1,1,1,0,0,1,1,0,0,0,0,1","1,0,0,0,0,0,1,1,0,1,1,0,1,1,1,0,1,0,1,1","1,0,1,1,1,1,1,1,0,1,1,0,1,0,0,1,1,1,1,1","1,1,0,0,1,1,0,0,0,1,1,1,0,1,0,1,0,0,1,1","1,1,1,1,0,0,0,1,1,1,1,1,1,1,0,1,0,1,0,0","1,1,1,0,0,1,1,1,0,1,0,1,1,0,1,1,0,1,1,1","1,1,1,0,1,1,1,1,1,1,1,1,1,1,0,1,1,1,1,1","2Mid,4No,2Low,8Mid,2No,4Low,8No,4Mid,8High,4High,2High,8Low","11,16,9,11,12,11,5,15,18,14,13,10","2.45"
"33","75.132.147.69","BL4MD5NVI6","2020-07-21","463782","951338","145912","35","male","17","nothing","nothing","NULL","1,1,1,1,1,1,1,1,1,1,1,1,1,1,1,1,1,1,1,1","2,1,1,2,1,1,1,1,2,1,2,1,2,1,1,1,2,1,1,1","6,5,7,3,7,3,6,3,5,6,3,6,7,3,6,7,3,6,3,3","2,2,2,2,1,1,1,1,1,2,1,1,2,1,1,1,2,1,1,1","3,2,3,3,2,2,3,2,1,4,3,1,1,3,1,2,1,1,4,3","1,2,2,2,1,2,2,1,2,2,2,2,5,2,1,3,5,2,4,1","1,1,1,1,1,2,1,1,2,1,1,1,1,1,2,1,1,1,1,2","3,2,3,2,2,2,2,2,2,2,2,3,3,2,3,3,3,3,2,2","1,2,1,5,5,5,5,2,8,2,2,2,5,2,2,2,2,2,2,2","1,2,1,2,2,2,1,1,1,1,1,1,1,1,1,1,2,1,1,1","1,1,1,1,1,1,1,1,2,1,2,1,1,1,2,1,2,1,1,2","3,3,3,3,3,3,3,3,3,3,3,3,3,3,3,2,3,3,3,3","1,1,0,1,1,1,0,1,0,1,0,1,1,1,0,0,1,1,0,0","0,1,1,0,1,1,1,0,0,1,1,1,1,1,0,1,0,1,1,0","1,0,1,1,0,1,1,1,0,1,1,0,0,1,0,1,1,1,1,1","0,0,0,0,0,1,0,1,1,0,0,1,0,0,1,1,0,1,0,0","0,1,1,1,0,0,1,1,1,1,0,1,1,0,0,0,1,0,1,0","1,1,0,1,1,1,1,0,1,1,1,0,0,0,0,1,1,0,1,0","1,1,1,0,0,0,0,1,0,1,1,0,1,0,0,1,1,1,0,0","0,0,0,1,0,1,1,0,1,0,1,0,0,0,1,1,1,0,1,0","0,0,0,0,0,1,0,1,1,0,1,1,0,0,1,1,1,1,0,1","0,0,0,0,0,0,1,1,1,1,1,1,1,0,1,0,0,1,1,1","1,1,1,1,1,1,0,1,0,1,0,0,1,1,0,1,0,1,1,1","0,1,1,1,1,1,1,1,1,1,0,1,1,1,0,1,1,1,1,1","4Low,8No,2Low,8High,4No,8Mid,4High,2Mid,4Mid,2No,8Low,2High","11,14,7,17,13,10,14,10,9,12,12,11","2.4"
"34","75.70.44.41","NPT6TC2641","2020-07-21","188653","721738","128318","59","male","16","Tried each machine until I found one that seemed to pay out more often than not","If I couldnt find a good machine on my own, I would watch which one the demonstrator was leaning towards using","none","2,2,1,1,1,1,1,1,1,1,1,1,1,1,1,1,1,1,1,1","1,1,1,1,4,4,2,2,2,2,2,3,3,3,3,3,1,1,1,1","8,8,8,8,8,8,4,4,5,5,5,5,1,8,2,2,2,2,2,2","2,2,1,1,1,1,1,1,1,1,1,1,1,1,1,1,1,1,1,1","3,3,3,3,3,3,3,3,3,3,3,3,3,3,3,3,3,3,3,3","6,6,5,5,6,2,2,2,2,2,2,2,2,2,2,2,2,2,2,2","2,1,1,2,2,1,1,1,1,1,1,1,1,1,1,1,1,1,1,1","3,3,3,3,3,1,1,1,1,1,1,1,1,1,1,1,1,1,1,1","8,4,8,4,1,8,3,3,3,3,3,3,3,3,3,3,3,3,3,3","1,1,1,1,1,1,1,1,1,1,1,1,1,1,1,1,2,1,1,1","1,1,1,1,1,1,1,1,1,1,1,1,1,1,1,1,1,1,1,1","3,3,3,2,2,2,2,2,2,2,2,2,2,2,2,2,2,2,2,2","0,0,1,1,0,1,0,1,1,1,1,0,1,0,1,1,1,1,1,1","1,1,0,0,0,0,1,0,0,1,0,1,0,0,1,0,1,1,1,1","1,1,1,0,0,0,0,0,0,1,0,0,0,0,0,1,1,0,1,1","0,0,1,1,0,1,1,1,1,1,1,1,0,1,1,0,1,1,1,0","1,1,1,1,0,1,0,1,1,1,1,0,1,1,1,0,1,1,0,1","1,0,0,0,0,1,1,1,1,0,1,0,1,0,1,0,1,0,1,1","0,0,0,0,0,1,1,1,1,1,1,0,1,1,0,1,1,1,1,1","1,0,1,1,0,1,0,1,1,0,1,1,1,1,1,1,1,1,1,1","1,0,0,0,0,0,1,1,0,1,0,1,1,0,0,1,1,1,1,1","1,1,1,0,1,1,1,1,1,1,1,0,0,0,1,0,0,0,0,1","1,1,1,1,1,1,1,1,0,1,1,1,1,1,1,1,0,1,1,1","1,0,0,1,1,0,1,1,1,0,1,1,1,1,1,0,1,0,1,1","8Mid,4Mid,2Mid,2No,8Low,8High,4High,8No,4Low,2Low,4No,2High","11,16,13,14,11,14,18,8,15,14,10,12","2.56"
"35","196.17.66.149","X8RY04TQ16","2020-07-21","218190","1098155","446855","29","male","15","i think and select that","number of box i click","nice task","1,1,1,1,1,1,2,1,1,1,1,1,1,1,2,1,1,1,2,1","3,4,2,1,3,2,4,1,2,4,3,2,1,2,3,4,2,1,3,4","2,3,8,1,5,7,4,6,1,2,8,1,3,1,4,6,1,3,1,2","2,2,2,2,1,2,1,1,2,2,2,2,1,1,2,2,2,1,1,2","3,2,3,4,2,2,3,2,3,4,3,1,1,3,1,2,1,1,4,3","6,5,5,5,6,3,3,3,3,3,1,3,3,2,3,3,5,4,3,3","1,2,1,2,1,2,2,2,2,1,1,1,1,1,1,2,1,2,1,2","3,2,3,1,1,1,3,1,1,4,2,4,1,4,1,1,1,1,3,1","8,4,3,4,1,3,3,2,6,3,3,3,3,3,8,1,3,3,3,3","2,1,1,1,2,2,1,1,1,1,1,1,1,1,1,1,2,1,1,1","1,1,1,3,4,1,1,1,1,1,1,1,1,2,1,1,1,1,1,1","3,1,3,3,7,8,7,3,3,3,3,3,3,5,3,3,3,3,3,3","1,1,1,1,1,0,0,0,1,0,0,1,1,0,0,1,0,1,0,1","1,1,1,1,0,0,1,1,0,0,0,1,1,0,0,1,0,1,0,0","0,0,1,0,0,1,1,1,0,0,0,1,1,1,1,0,0,1,0,1","0,0,0,0,0,0,1,0,0,0,0,0,1,0,0,0,0,1,0,0","1,0,1,0,1,1,1,0,0,0,0,0,1,1,0,1,1,1,1,1","1,0,0,1,0,1,0,0,1,1,0,1,0,1,0,1,1,1,0,1","0,0,1,0,0,0,0,0,0,1,0,1,1,1,1,0,0,0,1,0","0,0,1,1,1,1,0,1,1,0,0,1,1,1,1,1,1,1,0,1","0,0,1,1,1,1,1,1,1,1,0,1,1,1,1,1,1,0,1,1","0,1,1,1,0,0,0,0,1,1,1,1,1,0,1,1,0,1,1,1","1,0,1,0,1,1,1,0,1,1,1,1,1,0,1,1,0,1,1,1","0,0,1,1,0,0,1,1,1,0,0,1,1,0,1,1,1,0,1,1","2Mid,8Mid,2Low,8High,8No,2No,4High,8Low,4No,2High,4Mid,4Low","7,16,3,12,10,11,15,11,10,13,14,12","2.34"
"36","173.198.160.217","387EUWDM9E","2020-07-21","536814","740717","67930","56","female","16","just going back and forth but they were very inconsistent","I had to decide how trusted the demonstrator was, sometimes they were good other times they failed.","fun hit","1,1,2,1,1,1,1,1,1,1,1,2,1,1,1,1,2,1,2,1","4,1,2,3,3,3,3,2,1,4,1,1,2,1,1,1,1,1,1,1","6,1,5,6,8,6,1,4,2,4,2,4,3,8,4,2,3,7,1,2","2,1,1,1,2,2,1,2,2,1,1,1,1,2,2,1,2,2,1,2","1,1,2,3,4,2,1,1,1,1,1,2,1,3,4,2,1,2,4,4","6,5,5,2,3,8,7,5,6,3,1,8,7,8,7,8,3,1,6,7","1,2,1,2,1,1,2,2,2,2,1,1,2,1,1,2,2,1,1,2","1,3,1,4,4,4,1,2,1,1,4,1,4,1,1,1,1,1,1,1","1,5,3,7,2,3,3,2,1,3,3,3,4,3,2,1,3,3,2,3","1,1,1,2,1,2,2,2,1,1,1,1,2,1,1,2,2,1,1,1","1,1,1,1,1,4,1,1,4,1,1,4,1,2,1,1,1,2,2,1","3,3,7,2,7,3,6,3,3,7,3,3,7,5,3,3,7,3,3,7","0,0,0,1,1,1,0,1,0,0,0,0,0,1,0,0,0,1,0,1","0,0,0,1,0,1,0,0,1,0,1,1,0,1,1,1,1,1,1,0","1,0,0,0,1,0,0,1,1,1,0,1,1,0,1,0,1,0,0,1","0,1,1,0,0,0,0,0,0,1,0,1,1,0,0,0,0,0,1,0","1,1,0,0,0,0,1,0,1,1,0,0,1,0,0,1,0,0,0,0","1,0,0,1,1,0,1,0,0,1,0,1,1,1,1,1,1,1,0,0","1,1,1,0,1,1,0,0,1,0,1,1,0,1,0,0,0,1,1,0","1,0,1,1,0,1,1,0,1,1,0,1,0,0,1,1,1,1,1,1","1,0,0,1,0,1,0,1,0,1,0,1,0,1,1,1,1,1,1,1","1,0,1,0,0,0,0,0,1,0,1,1,0,1,0,0,0,1,0,1","1,1,0,1,1,1,1,1,1,1,1,0,0,1,1,1,0,1,0,0","1,0,1,1,0,1,0,1,1,1,1,1,1,0,1,1,1,1,1,1","4High,8High,2High,8Mid,2Low,4Low,8Low,4Mid,8No,2Mid,4No,2No","14,16,8,13,6,7,12,14,10,11,11,7","2.29"
"37","102.129.240.197","KF47X0EMGV","2020-07-21","752770","895525","194466","30","female","16","Selected the one I trusted and continued on the same for many trial","I have selected many trials what demonstrator shows.","NULL","1,1,1,1,1,1,1,2,2,2,2,2,1,1,1,1,1,1,1,2","1,1,1,1,1,1,1,1,1,1,1,2,2,1,1,1,1,1,1,1","2,2,6,1,8,6,2,5,4,7,1,3,1,3,8,6,5,2,6,2","2,2,2,2,2,2,1,1,2,2,2,1,1,2,1,2,2,1,1,2","3,2,3,3,2,2,3,3,1,4,4,3,1,3,3,2,1,1,1,3","6,5,5,5,6,8,3,3,3,3,1,3,3,2,3,3,5,4,3,3","1,2,1,1,1,1,2,1,1,1,1,1,1,1,1,2,1,2,1,2","3,2,3,1,1,1,3,1,1,4,2,4,1,4,1,1,1,1,1,1","6,4,3,4,1,3,3,2,6,3,3,3,3,3,8,1,3,3,3,3","1,1,1,1,1,1,1,1,2,1,1,1,1,1,1,1,2,2,1,2","1,1,2,3,4,1,4,1,1,4,1,1,1,2,1,1,1,1,1,1","3,3,3,2,7,3,7,3,3,1,3,3,3,5,3,3,3,3,3,3","1,1,0,0,0,1,1,0,0,0,0,0,1,1,1,0,1,0,1,0","1,1,1,1,1,1,1,1,1,1,0,1,0,1,1,1,1,1,1,1","0,0,1,0,0,0,1,1,1,1,0,0,1,0,1,0,0,1,0,1","1,0,0,0,0,0,1,1,1,0,0,0,1,0,1,1,0,1,0,0","0,1,0,1,0,1,1,1,1,0,1,0,1,1,0,0,1,1,1,0","0,1,0,0,0,0,1,1,1,1,0,1,0,0,0,1,0,1,0,1","1,0,1,0,1,1,0,0,0,1,1,0,0,0,1,0,0,0,1,0","1,1,1,1,1,0,1,1,1,1,0,0,0,0,1,1,0,1,1,1","0,0,0,1,0,1,1,1,0,1,1,1,1,1,0,0,1,0,0,0","1,1,0,0,1,0,1,1,0,1,1,1,1,1,1,0,0,0,0,0","1,1,1,0,0,0,1,0,0,0,1,0,1,1,1,1,1,1,1,1","1,1,1,1,1,0,1,1,0,0,1,1,1,0,0,1,0,1,1,0","4Low,8No,2High,2Mid,2No,4Mid,8Mid,8High,4High,8Low,2Low,4No","12,9,11,8,9,14,10,13,13,9,8,18","2.34"
"38","107.11.182.13","M7YFOUNFUZ","2020-07-21","190932","732912","111506","45","female","16","I clicked on a machine and gave it a chance to pay of for up to 5 times. If it was good, I stayed. If not, I searched for a machine that would start paying off within 2 or 3 shots.","I tried a machine different from theirs and watched if they kept going back to it as I watched my machine. ","NULL","2,2,2,2,2,2,2,2,1,1,1,1,1,1,1,1,1,1,1,1","1,1,1,1,1,1,1,1,1,1,1,1,1,1,1,1,1,1,1,1","4,4,4,4,4,4,4,7,7,7,3,3,3,3,3,3,3,3,3,3","1,1,1,1,1,1,1,1,1,1,1,1,1,1,1,1,1,1,1,1","2,2,2,2,2,2,1,1,1,1,1,1,1,1,1,1,1,1,1,1","1,1,1,1,1,1,1,1,1,1,1,1,1,1,1,1,1,1,1,1","1,1,1,1,1,1,1,1,1,1,1,1,1,1,1,1,1,1,1,1","2,2,3,3,1,1,1,1,1,1,1,1,1,1,1,1,1,1,1,1","7,7,7,7,7,7,7,7,7,7,7,7,7,7,7,7,7,7,7,7","1,1,1,1,1,1,1,1,1,1,1,1,1,1,1,1,1,1,1,1","2,2,1,1,1,1,1,1,1,1,1,1,1,1,1,1,1,1,1,1","5,5,5,5,4,4,8,8,8,8,8,8,8,8,8,8,3,3,3,3","1,0,0,0,1,0,0,0,0,1,1,1,1,0,0,1,1,1,1,1","1,0,1,1,1,1,1,1,0,0,1,0,1,1,1,1,1,1,1,1","0,0,1,1,0,1,0,0,0,0,1,1,1,1,1,0,1,0,1,1","0,1,1,1,0,1,1,1,1,1,1,1,1,1,0,0,0,1,0,1","0,1,1,0,0,0,1,1,1,1,1,1,1,0,1,0,1,1,0,0","0,1,1,1,1,1,1,1,0,1,0,0,1,0,1,1,1,0,1,0","1,1,1,1,0,1,1,1,1,0,0,1,1,1,1,0,1,1,1,0","0,0,0,0,0,0,1,1,1,1,1,0,1,1,1,1,1,1,1,1","0,1,1,1,1,0,0,1,1,1,1,0,1,0,1,1,0,0,1,1","1,0,1,1,1,0,1,1,1,1,0,0,0,1,1,1,1,0,1,0","0,0,1,1,1,1,1,1,0,1,1,1,1,1,1,1,1,0,1,1","1,0,0,0,0,0,0,0,1,1,0,1,0,1,1,0,1,0,1,0","4Mid,2No,2Mid,4No,4High,2High,8Low,8High,4Low,2Low,8Mid,8No","13,11,15,16,16,13,13,8,12,14,13,11","2.55"
"39","198.228.134.34","IMUUUZDJ8Q","2020-07-21","446466","889748","78869","28","male","16","assigned with optimize","by passing the way and direction","more valuable and interesting to observe .Thank you","1,2,1,1,2,1,1,1,1,1,1,1,2,1,1,1,1,1,1,1","4,2,1,2,3,4,2,1,2,3,1,2,3,2,4,4,1,4,2,3","2,8,2,8,4,2,8,2,3,5,3,5,3,1,3,5,3,5,3,5","2,1,1,1,1,1,2,1,1,1,1,2,1,1,1,1,1,1,1,1","2,1,2,2,1,1,2,1,2,3,2,2,4,2,2,3,2,3,3,4","6,8,8,4,1,2,6,1,7,2,5,6,1,6,4,1,8,3,4,2","1,1,2,2,2,1,1,1,2,2,1,1,1,1,1,2,1,1,1,1","1,3,4,2,1,2,4,2,4,1,3,1,2,1,4,2,2,2,4,4","6,3,1,7,2,3,1,5,8,1,1,5,3,4,6,3,1,1,1,1","2,1,1,1,2,1,2,1,2,1,1,2,1,1,1,1,1,1,1,1","3,3,3,1,2,3,2,2,2,2,3,2,3,4,3,2,2,3,2,2","1,1,1,8,3,1,3,1,1,6,6,1,6,1,1,6,1,6,1,1","0,0,1,1,0,1,1,0,1,1,0,0,0,1,1,1,1,1,1,1","0,0,1,1,1,0,1,1,1,0,1,0,1,1,0,0,1,1,0,0","1,1,1,1,0,1,0,0,1,1,1,0,1,0,1,1,1,1,1,0","0,1,0,1,1,1,0,1,1,1,1,0,1,0,1,0,0,0,1,1","1,1,0,0,1,1,0,0,1,1,0,0,0,0,0,1,0,1,1,1","0,1,0,0,1,0,1,1,1,1,0,0,0,1,1,0,0,1,0,1","0,1,0,0,1,0,1,1,0,0,1,1,1,1,1,0,1,1,1,1","0,0,0,0,0,0,0,0,1,1,0,1,1,1,1,1,1,0,1,1","0,1,0,1,0,0,1,0,0,0,1,0,1,1,1,1,1,1,1,1","0,1,1,0,0,1,0,0,0,1,1,0,1,1,1,0,0,1,1,1","1,1,1,0,0,0,1,1,0,0,1,0,1,0,0,0,0,0,0,0","1,1,0,1,1,1,1,0,1,1,0,1,1,1,1,1,1,0,1,1","2Mid,8Low,4No,8Mid,4Mid,4Low,8High,2High,2No,2Low,4High,8No","13,10,11,12,10,10,16,11,13,12,7,14","2.39"
"40","198.228.134.20","U4AJEMP9UB","2020-07-21","575319","861759","60179","30","male","12","On a random guess","It was quite helpful","NULL","2,2,2,1,1,1,1,1,1,2,1,1,1,1,1,2,1,1,1,1","3,4,2,1,3,4,2,1,1,3,4,2,1,3,4,2,1,3,4,2","5,4,6,7,5,8,1,7,2,3,6,4,5,8,1,4,5,7,6,2","2,2,2,2,2,2,2,1,2,2,1,1,1,1,2,1,1,1,1,1","3,3,4,3,1,2,4,3,1,2,4,3,1,2,4,3,1,2,4,3","1,5,6,8,1,6,3,1,3,4,1,3,6,2,3,1,2,3,1,6","1,2,1,1,1,2,2,2,2,1,1,1,1,1,1,2,1,1,2,2","2,3,2,1,2,1,1,1,2,4,2,2,2,2,1,1,1,1,2,2","4,2,3,4,3,1,4,8,2,5,3,8,4,1,3,8,2,5,6,3","1,1,1,1,2,2,2,1,1,1,2,1,2,2,1,1,1,1,1,1","4,3,2,3,1,4,3,1,3,1,3,4,2,4,3,1,4,3,1,4","1,3,1,1,1,1,2,1,3,6,8,7,1,3,5,1,3,1,8,7","0,0,0,1,1,1,1,1,0,0,0,1,1,1,1,0,0,1,1,0","0,1,0,1,1,0,0,1,1,0,1,0,1,1,0,1,1,0,1,1","1,0,0,1,0,1,0,0,1,1,1,0,0,1,1,1,0,1,0,0","0,1,0,1,0,0,0,1,0,0,1,1,1,1,0,1,1,1,0,1","1,0,0,0,1,1,1,0,1,0,0,1,0,0,0,0,1,0,0,1","1,0,0,0,1,0,1,0,0,0,1,1,0,0,0,1,1,0,1,1","1,0,1,1,0,0,0,0,0,1,0,1,1,1,1,0,0,0,0,0","0,0,0,1,1,1,1,1,1,0,1,1,0,0,1,1,1,0,0,1","0,0,1,0,0,1,0,1,1,0,1,1,0,1,1,0,1,1,1,1","1,1,0,0,0,0,0,1,1,0,0,0,0,0,1,1,1,0,1,0","0,1,0,1,1,0,1,0,1,0,1,0,0,1,0,1,0,0,1,0","1,0,0,1,1,0,1,1,1,1,0,1,1,1,0,1,1,0,1,1","8High,2Mid,2High,8Low,2No,4Low,4Mid,4No,4High,2Low,8No,8Mid","14,8,8,9,11,8,12,12,9,11,10,12","2.24"
"41","67.171.179.73","SVD1G1X3W9","2020-07-21","263794","1220124","38455","32","male","18","good","good","NULL","2,1,1,1,1,1,1,1,1,1,1,2,1,1,1,1,1,2,1,1","4,1,3,2,4,4,1,2,1,1,1,1,2,2,1,1,1,1,1,1","8,5,7,7,7,7,6,6,5,4,8,8,8,8,8,8,8,6,5,7","2,2,2,1,1,1,1,1,2,1,1,1,2,1,1,1,1,1,1,1","3,2,1,3,2,4,2,1,3,2,4,2,1,2,1,4,2,3,3,1","6,5,8,5,6,3,3,7,4,7,1,7,3,2,3,7,5,4,3,3","1,2,1,1,2,1,1,1,1,2,1,1,1,1,1,1,1,2,2,2","3,2,3,1,3,4,1,4,2,4,1,4,1,1,4,2,1,3,1,1","1,1,1,6,6,1,7,6,1,7,7,1,7,5,3,3,6,2,1,3","1,1,1,1,2,1,1,1,2,1,2,1,1,1,1,1,1,2,1,1","1,3,4,2,3,2,1,1,3,2,4,1,1,3,2,1,1,1,2,1","7,3,3,2,7,3,7,3,3,3,3,3,3,5,3,3,3,3,3,3","0,1,1,1,1,1,1,1,1,1,1,0,1,1,1,1,0,0,1,1","1,1,0,0,0,0,1,0,1,1,1,1,0,0,1,0,1,1,1,1","0,0,1,1,1,0,1,0,1,0,1,1,1,1,1,0,0,0,0,1","0,0,0,1,1,1,0,0,0,1,1,0,0,1,0,1,1,0,0,0","0,0,1,1,0,1,1,1,1,0,1,0,1,0,0,0,0,1,0,1","1,0,0,0,0,1,0,1,0,0,0,0,1,1,0,1,0,0,1,0","1,0,1,1,0,0,1,0,1,0,1,1,0,0,1,1,0,0,0,0","1,1,0,0,1,1,1,1,0,0,0,0,1,1,1,0,0,1,1,1","1,1,1,1,1,1,1,0,0,1,1,0,1,0,1,1,1,1,0,1","1,0,1,1,0,0,0,0,0,0,0,1,1,1,0,0,0,0,1,1","1,1,0,0,1,0,0,0,0,0,1,1,1,0,0,0,0,1,0,0","0,1,1,0,1,1,0,1,0,1,1,1,1,1,1,1,0,1,0,1","8High,8Low,2Mid,4Mid,4High,2High,4Low,2No,2Low,4No,8Mid,8No","14,7,9,12,7,8,10,16,8,12,15,11","2.29"
"42","107.170.145.187","SMUI5NWBCQ","2020-07-21","359087","1677703","114457","32","male","10","Followed my instincts","I did the opposite of their option","NULL","1,2,2,2,1,1,1,1,2,1,2,1,1,1,1,1,1,1,1,1","4,2,4,1,1,1,3,3,3,3,3,2,3,3,4,2,1,1,1,4","7,3,4,1,6,1,5,8,7,2,3,1,1,4,3,7,6,7,5,7","1,1,1,1,1,1,2,1,1,1,1,1,1,1,1,1,1,1,1,1","2,4,1,2,3,4,2,2,3,4,4,2,2,1,1,1,3,3,3,4","1,2,8,2,5,1,1,1,3,8,2,8,2,5,4,5,6,5,7,3","1,2,1,2,2,1,1,1,1,1,1,1,1,1,2,1,1,1,1,1","4,4,1,4,1,4,2,2,2,3,4,1,1,1,1,4,2,1,1,1","2,6,8,3,3,1,6,4,3,3,8,2,4,3,4,6,8,1,6,7","2,1,2,1,1,1,2,1,1,1,1,1,1,1,1,2,1,2,1,1","4,2,1,1,3,3,2,4,4,1,2,4,3,1,4,2,1,3,4,2","3,5,4,8,2,7,5,4,8,2,3,4,4,5,7,8,8,7,2,1","0,0,0,0,1,1,1,0,0,0,0,1,1,0,1,1,0,1,1,1","1,0,1,1,1,0,1,1,1,1,0,0,1,0,0,0,0,1,1,0","1,1,0,1,0,1,0,0,1,1,0,1,1,0,0,1,0,1,0,1","1,1,1,1,1,1,0,1,1,1,1,1,0,0,1,1,1,1,1,1","0,1,1,0,0,0,1,0,0,0,0,1,0,1,1,0,1,1,0,0","1,1,1,0,1,1,0,0,1,1,0,1,1,0,0,0,0,0,0,1","0,0,1,0,0,1,1,1,1,1,1,0,1,0,0,1,1,1,1,1","0,1,1,1,1,0,1,0,0,0,0,1,1,1,0,0,0,1,1,1","0,1,0,1,1,1,1,0,0,1,0,1,0,1,0,1,1,1,0,0","0,0,0,1,1,1,0,1,1,1,1,1,1,1,0,0,0,0,1,1","0,0,1,0,1,0,1,1,1,1,0,0,1,1,1,0,1,0,1,1","1,0,1,0,1,1,0,1,0,1,0,1,0,0,1,1,0,1,0,0","2Low,4Low,4No,4Mid,8No,4High,2No,8High,2High,8Low,2Mid,8Mid","17,8,11,11,11,12,10,10,12,10,13,11","2.36"
"43","96.32.203.67","WG84ZQEHRO","2020-07-21","194373","630654","107818","22","male","15","Picked one, if no star, move on. Otherwise, try again, if star, stay. Otherwise, test again then move on if no star. ","I picked my own using the above method unless I saw a demonstrator repeatedly go back to one. ","NULL","1,1,1,1,1,1,1,1,1,1,1,1,1,1,1,1,1,1,1,1","3,2,4,1,1,1,3,3,3,3,3,3,3,3,3,3,3,3,3,3","4,3,3,3,3,3,3,3,3,3,3,3,3,3,3,3,3,3,3,3","2,1,2,2,2,2,2,1,1,1,2,2,2,2,2,2,2,2,2,2","2,4,1,1,1,1,1,1,1,1,1,1,1,1,1,1,1,1,1,1","5,4,7,7,8,2,2,7,3,3,3,3,3,3,3,3,3,3,3,3","1,2,1,1,1,1,1,1,1,1,1,1,1,1,1,1,1,1,1,1","2,1,1,1,1,1,1,1,1,1,1,1,1,1,1,1,1,1,1,1","6,7,5,1,3,2,8,7,5,4,1,7,4,8,2,5,6,3,1,8","2,1,1,1,1,1,1,1,1,1,1,1,1,1,1,1,1,1,1,1","3,2,4,1,3,4,1,1,1,1,1,1,1,1,1,1,1,1,1,1","4,7,3,3,3,3,3,3,3,3,3,3,3,3,3,3,3,3,3,3","1,1,1,0,1,0,1,0,1,0,0,1,1,0,1,1,1,1,0,0","0,0,0,1,0,0,1,0,1,0,0,1,0,1,0,1,1,1,0,0","0,1,1,1,1,1,1,1,1,1,1,1,1,1,1,1,1,1,1,1","0,0,0,0,1,0,0,0,0,0,0,0,0,0,0,0,0,0,0,0","0,0,1,1,1,1,1,1,0,0,1,0,1,1,1,1,0,1,0,0","0,0,1,0,0,1,0,1,1,1,0,0,1,0,1,0,0,1,1,0","0,0,1,0,1,1,1,1,1,1,1,1,0,1,1,1,1,0,1,1","0,1,1,1,1,1,1,0,1,1,1,0,0,1,1,1,1,1,1,1","0,1,0,1,0,0,1,1,0,0,1,1,0,1,1,0,0,0,1,0","0,1,0,1,0,1,0,1,0,1,1,1,1,1,1,0,1,1,0,0","1,1,0,0,1,1,1,1,1,1,1,1,1,1,1,1,0,1,1,1","0,0,1,0,1,1,1,1,1,1,1,1,1,0,1,1,1,0,0,1","8Mid,4High,4Mid,2Mid,8Low,2High,2No,8High,4Low,2Low,8No,4No","9,17,16,15,9,12,12,14,12,1,19,8","2.44"
"44","198.228.69.6","0DN50A2J1L","2020-07-21","263489","649964","20433","28","female","13","good","good","NULL","1,2,2,2,1,1,2,1,1,1,1,2,1,1,2,1,1,2,2,1","2,1,2,1,2,3,2,1,2,3,3,2,3,2,1,2,3,2,3,2","4,6,7,5,3,4,6,4,1,7,5,3,4,1,7,6,1,5,3,4","2,2,2,2,2,2,2,1,1,1,2,1,2,2,1,2,1,2,2,2","1,3,1,3,2,2,2,1,1,2,1,2,1,2,1,2,1,2,2,1","6,4,1,8,1,3,3,7,1,4,6,8,4,6,8,4,8,1,4,8","1,2,1,2,1,2,2,1,1,2,2,2,1,2,2,1,2,1,2,1","3,1,1,1,3,1,3,1,2,1,3,3,1,3,2,3,2,3,1,2","3,1,5,7,4,5,6,1,4,1,6,1,5,6,7,3,5,4,1,6","1,1,2,2,1,1,1,1,1,1,1,1,1,1,1,1,1,1,1,1","4,1,1,3,4,3,2,1,4,2,1,4,3,1,4,1,3,3,1,1","6,1,3,7,3,1,6,1,3,6,1,6,1,4,3,6,1,3,8,1","0,1,0,0,1,1,0,1,1,0,0,0,1,0,0,1,1,0,0,1","1,1,1,1,0,0,0,0,1,0,1,1,1,1,1,0,1,0,1,1","0,0,1,0,1,1,1,1,1,0,0,1,0,1,1,1,0,0,1,0","0,0,0,0,0,0,0,0,1,0,0,1,1,0,0,0,1,0,0,0","1,1,0,1,1,0,1,0,1,0,0,1,0,0,1,0,1,1,0,1","1,0,1,1,1,1,0,1,0,0,0,0,0,1,1,0,1,1,1,1","1,0,1,0,0,0,0,1,0,0,0,0,0,0,0,0,0,1,0,1","1,1,1,1,1,1,0,1,0,1,1,1,1,0,1,1,0,0,1,0","0,1,0,1,1,0,1,0,0,1,0,1,1,0,0,1,1,0,0,0","1,0,0,0,0,1,0,1,1,1,0,1,1,1,0,1,0,1,1,1","0,0,1,0,0,0,1,0,1,1,1,0,0,0,0,0,0,0,1,1","0,0,1,0,1,1,1,0,1,1,1,1,1,0,0,0,1,1,0,1","2No,4High,4No,8Mid,8High,4Low,2Mid,2Low,4Mid,2High,8Low,8No","9,7,13,9,12,11,5,4,14,12,12,11","2.19"
"45","45.72.6.95","JB4EP53NG5","2020-07-21","331928","977186","54683","29","female","18","Just follow the instructions.","Just follow the instructions.","Nice experiment","1,1,2,1,2,2,2,1,1,1,1,1,1,1,1,1,1,1,1,1","1,4,2,1,1,1,1,1,1,1,1,1,1,1,1,1,1,1,1,1","4,4,8,2,7,6,1,5,3,4,8,2,7,6,1,2,5,3,4,8","2,2,1,1,1,1,2,1,1,1,1,1,1,1,1,1,1,1,1,1","3,2,3,3,2,2,3,2,1,4,3,3,1,3,3,2,1,1,4,3","6,5,5,5,6,3,3,3,3,3,1,3,3,2,3,2,2,2,2,2","2,2,1,1,1,1,1,2,1,1,1,2,1,2,1,1,1,2,1,1","3,3,3,1,1,1,3,1,1,4,2,4,1,4,4,1,1,1,1,1","8,4,1,4,1,3,3,2,6,3,3,3,3,3,8,6,3,3,3,3","1,1,2,2,1,1,1,1,1,1,1,1,1,1,2,1,1,1,1,1","3,3,3,3,3,3,3,3,3,3,2,3,3,3,3,3,3,3,3,3","3,3,3,2,7,3,7,3,3,3,3,3,3,5,3,3,3,3,3,3","1,0,0,1,0,0,0,1,1,0,1,1,0,1,0,1,0,1,0,1","1,0,0,1,1,1,1,1,0,1,1,1,0,1,1,0,1,1,1,1","1,0,1,1,1,1,1,0,1,0,1,1,1,0,0,0,0,0,0,0","0,0,1,1,1,1,0,1,0,1,0,1,1,1,1,0,1,1,1,1","1,0,0,1,1,0,1,0,1,0,1,0,1,1,0,0,1,1,1,1","0,0,0,0,0,1,1,1,0,1,1,1,1,0,1,1,1,1,1,1","0,0,1,1,0,0,1,0,1,0,1,0,1,0,1,1,0,0,1,0","1,0,0,1,0,1,1,1,1,1,0,0,1,0,0,1,1,0,1,1","1,0,0,0,1,0,1,1,1,1,0,0,1,0,0,1,1,1,0,1","0,0,0,0,1,1,1,1,0,1,1,1,1,0,0,0,1,1,0,0","1,1,1,0,1,0,1,0,0,0,0,1,0,0,1,0,1,1,1,0","1,1,1,0,0,0,1,1,1,1,1,1,1,0,1,1,1,0,1,1","2Low,2High,4High,4No,2Mid,8Mid,4Low,8High,8No,2No,8Low,4Mid","14,10,10,15,9,11,12,15,10,10,13,12","2.41"
"46","71.225.176.110","V1K0S90PUE","2020-07-21","176733","644621","149387","32","male","12","If a machine was giving me a coin more then 50 of the time then I would stick with it.  If the machine kept giving me zero coins then I would keep switching until I found a better one.","If the demonstrator kept picking the same machine then I would switch and try his machine","NULL","2,1,1,1,1,1,1,2,1,1,1,1,1,1,1,1,1,1,1,1","3,3,3,3,3,3,3,3,3,3,3,3,3,3,3,3,3,3,3,3","4,3,3,2,2,2,2,2,2,2,2,2,2,2,2,2,2,2,2,2","2,1,1,1,1,1,1,1,2,2,1,1,1,1,1,1,1,1,1,1","2,1,1,1,1,1,1,1,1,1,1,1,1,1,1,1,1,1,1,1","6,6,5,5,7,8,1,3,3,3,3,3,3,3,3,3,3,3,3,3","1,1,1,1,1,1,1,2,1,1,1,2,1,1,1,1,1,1,1,1","3,3,3,4,4,4,4,1,1,1,1,1,1,1,1,1,1,1,1,1","5,3,3,3,3,3,3,3,3,3,3,3,3,3,3,3,3,3,3,3","2,1,1,1,2,2,1,1,1,1,1,1,1,1,1,1,1,1,1,1","1,1,1,1,1,1,1,1,1,1,1,1,1,1,1,1,1,1,1,1","3,3,3,3,3,3,3,3,3,3,3,3,3,3,3,3,3,3,3,3","0,1,1,1,0,0,0,0,0,1,1,1,0,1,0,1,0,1,0,0","1,1,0,1,0,1,1,1,1,1,1,1,1,1,0,1,0,1,1,0","0,1,0,1,1,1,1,1,1,0,1,1,0,0,0,1,1,1,1,1","0,1,1,1,1,0,0,0,0,0,1,1,1,1,0,1,1,0,1,0","0,1,1,1,1,0,1,1,1,1,1,1,1,1,1,1,1,1,1,1","1,0,0,0,0,0,0,1,1,1,1,1,1,0,1,0,1,1,1,0","1,0,1,0,1,1,0,0,0,0,0,0,1,0,1,1,1,1,0,1","1,0,0,1,1,0,0,1,1,1,1,1,0,1,1,1,1,1,1,1","0,1,1,0,1,1,1,0,1,1,1,1,0,0,0,1,1,0,1,1","0,1,0,0,0,0,1,1,0,1,0,1,0,1,0,1,0,1,1,1","1,1,1,1,0,1,1,1,0,1,1,1,1,1,1,1,1,1,1,1","1,1,0,1,1,1,0,0,1,1,1,1,0,1,0,1,1,0,0,1","2Low,8No,8Low,2No,8Mid,8High,4Mid,4High,2High,2Mid,4Low,4No","11,14,11,9,13,13,15,18,10,10,18,15","2.57"
"47","196.16.109.207","4IQ3MF0KOF","2020-07-21","100610","890833","31149","26","male","16","Nil","Nil","Nil","2,2,2,2,1,1,1,1,1,1,1,1,1,1,1,1,1,1,1,1","2,3,1,4,4,3,3,3,3,3,3,3,2,2,2,2,2,2,2,2","4,6,1,1,1,1,1,1,4,7,8,3,8,2,3,2,8,3,8,8","2,2,1,1,1,1,1,1,1,1,1,1,1,1,1,1,1,1,1,1","3,3,2,3,3,4,1,1,1,1,1,1,1,1,1,1,1,1,2,2","8,7,7,7,7,7,7,7,7,7,7,7,7,7,7,7,7,7,7,7","1,2,1,1,1,1,1,1,1,1,1,1,1,1,1,1,1,1,1,1","1,4,2,4,1,3,1,1,1,1,4,2,2,1,1,1,1,1,1,1","4,1,3,4,4,4,3,5,3,3,3,3,4,3,3,3,3,3,3,3","1,2,1,1,1,1,1,1,1,1,1,1,1,1,1,1,1,1,1,1","4,2,1,4,3,1,3,1,1,1,1,1,1,2,1,1,1,1,4,1","8,8,8,8,8,8,8,8,8,8,8,8,8,2,2,8,8,8,8,8","1,0,0,0,0,1,1,1,0,1,0,1,1,1,1,1,1,1,1,1","0,0,0,0,0,1,0,1,0,1,0,0,1,1,0,1,0,1,1,1","0,0,1,1,0,0,1,0,0,0,1,1,1,1,0,0,1,0,0,0","0,0,1,1,0,1,1,1,1,1,0,1,1,1,0,0,0,1,0,1","0,1,0,0,1,0,1,1,1,1,1,1,1,1,0,1,0,0,0,0","0,1,1,1,0,1,1,1,1,1,1,1,1,0,1,0,1,0,1,1","1,0,1,0,1,1,1,1,0,1,1,1,0,0,0,1,1,1,0,1","1,0,1,0,1,0,0,1,0,1,0,1,1,1,0,1,1,1,1,0","1,0,1,0,1,0,1,0,1,1,0,1,0,0,1,1,1,1,1,1","1,0,0,1,1,1,0,0,0,1,1,0,1,0,1,1,1,0,1,1","0,0,1,0,1,1,0,1,1,1,1,0,1,0,0,1,1,1,0,0","1,1,0,1,1,1,0,0,1,1,0,0,0,1,0,1,1,1,1,1","4High,2No,4No,8No,8Mid,4Low,4Mid,2Low,2High,8High,8Low,2Mid","11,14,9,8,13,11,12,12,12,13,15,13","2.43"
"48","98.163.248.32","2TP8UKKXNZ","2020-07-21","1083409","881199","176609","32","male","5","I LIKE THAT GAME OPTION","I WAS CHOOSE VERY HONESTLY ","GOOD SURVEY ","1,2,1,1,1,1,1,1,1,1,1,2,1,1,1,1,1,1,1,1","3,2,3,2,2,3,2,3,2,3,2,3,2,3,2,3,2,2,3,3","2,8,4,8,3,5,6,2,8,2,2,2,6,6,6,3,8,8,2,2","2,1,1,1,2,1,1,1,2,2,1,1,1,1,1,1,1,1,1,2","2,4,3,1,1,2,3,4,2,1,4,1,2,1,1,1,1,1,1,1","6,5,5,6,6,6,3,3,3,6,3,3,3,6,3,3,6,4,6,3","2,1,2,1,1,1,2,1,1,1,1,1,2,1,1,2,1,2,1,1","3,2,3,1,1,1,3,1,1,4,2,4,4,3,2,1,1,3,1,3","8,4,3,6,4,3,3,2,6,3,6,3,3,3,8,1,3,3,3,3","1,2,1,1,2,1,2,1,1,2,1,1,1,1,1,1,2,1,1,1","1,1,1,3,4,1,1,1,2,1,1,1,1,2,1,1,1,1,1,1","3,3,3,5,5,4,7,3,3,4,3,3,3,5,3,3,3,3,3,3","1,0,0,1,0,1,1,0,1,1,0,0,1,1,1,1,1,1,1,0","0,0,1,0,0,0,0,1,0,1,0,0,0,1,1,1,0,0,1,1","1,1,0,0,1,0,1,1,0,1,1,0,1,1,0,0,1,1,1,1","0,1,1,1,0,0,0,1,0,0,0,1,1,1,1,1,1,1,0,0","0,0,1,1,0,0,0,1,0,1,0,1,0,1,1,1,1,1,1,0","1,1,0,0,1,1,1,1,1,1,0,1,0,1,1,1,1,0,1,1","0,1,0,1,1,1,0,0,1,1,0,1,0,0,1,0,0,0,1,1","1,0,0,1,1,1,1,0,1,0,0,1,0,1,0,1,1,1,0,1","0,0,1,0,1,1,0,1,1,1,0,1,1,1,0,0,1,1,1,0","0,1,0,1,0,1,0,1,0,0,1,0,1,1,1,0,0,1,0,1","1,1,0,0,1,1,1,0,0,1,1,1,0,0,1,1,1,1,1,1","1,1,1,1,0,1,1,1,1,0,1,1,1,0,1,1,1,1,1,1","2Mid,8No,4High,2No,8High,2Low,4Mid,4Low,8Low,4No,8Mid,2High","10,13,14,13,17,11,12,11,15,8,12,10","2.46"
"49","69.151.220.81","V37GV7DBQZ","2020-07-21","187079","602376","33864","27","male","13","Guessing until I got consistent coins.","Same as before, guessing until I got consistent coins.","NULL","1,1,1,1,2,2,1,1,1,1,1,1,1,1,1,1,1,1,1,1","2,2,4,3,1,1,1,4,3,2,1,1,1,1,1,1,1,1,1,1","4,5,5,5,5,7,7,7,7,7,7,7,7,7,7,7,7,7,7,7","1,1,1,1,2,1,1,1,1,1,1,1,1,1,1,1,1,1,1,1","1,2,4,4,4,4,4,4,4,4,4,4,4,3,4,4,4,2,4,4","6,8,8,7,7,5,4,2,2,2,2,1,1,1,1,1,1,1,1,1","1,2,2,1,1,2,2,2,1,1,1,1,1,1,1,1,1,1,1,1","3,3,4,1,1,1,1,1,1,2,2,2,4,4,1,1,1,1,1,1","8,2,5,3,4,6,7,7,7,7,7,7,7,3,1,8,7,7,7,7","1,1,1,1,2,2,1,1,1,1,1,1,1,1,1,1,1,1,1,1","1,1,1,1,1,1,1,1,1,1,1,1,1,1,1,1,1,1,1,1","3,5,5,5,5,5,1,1,5,6,6,6,6,3,3,3,3,7,7,7","1,1,0,0,0,0,1,0,1,1,0,1,1,1,1,1,0,1,1,1","0,0,0,0,1,0,0,0,0,0,1,0,1,1,1,1,1,0,1,1","0,1,0,1,0,1,1,1,1,0,1,1,1,0,1,1,1,1,0,0","1,1,0,0,0,1,1,1,1,0,1,1,1,1,1,0,1,1,1,1","0,0,1,1,1,1,1,1,0,0,0,0,0,0,1,0,0,0,0,1","0,1,0,1,0,0,0,1,1,0,0,1,0,1,1,1,0,0,1,0","0,0,0,0,0,0,0,0,0,1,0,1,1,1,0,1,1,1,1,1","1,0,0,1,1,0,0,1,0,0,1,0,0,0,1,1,1,0,1,1","0,0,0,0,0,0,1,1,1,0,1,0,0,0,0,0,1,0,1,1","1,1,0,0,0,0,1,1,0,0,1,1,0,1,1,1,0,1,0,1","1,1,1,1,1,0,0,1,1,1,1,1,1,1,1,1,1,1,1,1","0,1,1,1,0,0,1,0,0,1,1,1,0,1,1,0,0,1,1,1","4High,4No,8No,2Low,8High,4Mid,8Mid,8Low,2No,2High,2Mid,4Low","18,9,13,15,12,10,7,9,13,11,9,8","2.34"
"50","47.217.139.63","CU3Q0PAEIL","2020-07-21","252779","696797","99010","38","male","12","I tried different options and once I found one I thought was good I stuck with it. ","I tried what they chose and if I thought they were choosing poorly Id go with what I thought was best instead.","NULL","2,1,1,1,1,1,1,1,1,1,1,1,1,1,1,1,1,1,1,1","3,2,1,1,1,4,3,3,3,3,3,3,3,3,3,3,3,3,3,1","5,6,1,3,7,7,7,7,7,2,7,7,7,7,7,7,7,7,7,7","2,2,1,1,1,1,1,1,1,1,1,1,1,1,1,1,1,1,1,1","3,2,2,3,2,2,1,1,1,1,1,1,1,1,1,1,1,1,1,1","6,6,6,6,6,3,3,3,3,3,1,3,3,2,3,3,5,4,3,3","1,2,1,2,1,1,2,1,1,1,1,1,1,1,1,2,1,1,1,1","4,2,4,1,1,1,3,1,1,4,1,1,1,1,1,1,1,1,1,1","8,4,3,4,8,8,8,8,6,6,6,6,6,6,8,6,6,6,6,6","1,1,1,1,1,1,1,1,1,1,1,1,1,1,1,1,1,1,1,1","1,1,1,3,1,1,1,4,1,1,1,1,1,1,1,1,1,1,1,1","3,3,3,2,7,3,7,3,3,3,2,3,3,5,3,3,3,3,3,3","0,1,1,1,0,1,1,1,1,1,0,1,0,0,1,1,0,1,0,1","0,0,1,0,0,0,1,0,1,1,1,0,1,1,0,0,1,0,0,1","0,0,0,0,1,1,0,0,0,0,1,1,0,1,1,1,1,1,1,1","0,0,1,1,0,1,1,0,1,1,1,0,0,0,1,1,0,1,1,1","0,1,0,0,0,0,1,1,1,1,1,1,1,1,1,0,1,1,1,1","1,1,0,0,1,1,1,0,1,1,1,1,1,1,1,1,1,1,0,0","1,1,1,0,1,1,0,1,1,1,0,1,0,0,1,0,0,1,1,1","1,0,0,1,0,1,1,1,1,0,1,1,1,1,1,1,1,1,1,1","1,1,0,0,1,1,0,0,1,1,1,1,0,0,0,1,1,1,1,1","1,1,1,1,1,1,0,1,1,0,0,1,1,0,1,1,1,1,0,1","1,1,1,0,1,0,0,0,0,1,0,1,1,1,1,1,0,0,1,1","1,1,1,0,1,1,0,0,1,0,0,1,1,0,1,1,1,1,0,1","8High,4Mid,2Mid,8Mid,8Low,8No,4No,4High,4Low,2High,2Low,2No","13,16,13,13,15,11,9,12,14,15,12,13","2.56"
"51","96.228.27.60","BQMZ06JD34","2020-07-21","295979","736818","107066","51","female","16","I just randomly clicked on a slot machine and moved on to the next machine if there was no coin. ","I followed the demonstrator the first time and if no coin appears then I start to look to other machines. ","n/a","1,1,1,1,1,1,1,1,1,2,1,1,2,1,1,1,2,2,1,1","3,3,4,1,1,1,1,1,1,1,1,1,1,1,1,1,1,3,1,1","1,1,1,5,2,2,2,2,2,2,2,2,2,2,2,2,2,2,2,2","2,1,1,1,1,1,1,1,1,1,1,1,1,1,1,1,1,1,2,1","3,3,2,4,4,1,4,3,1,3,2,3,4,2,4,3,4,2,3,1","6,1,2,5,4,7,8,3,2,2,2,2,2,2,2,2,2,2,2,2","1,1,1,1,1,1,1,1,1,1,1,1,1,1,1,1,1,1,1,1","3,4,2,1,1,1,1,1,1,1,1,1,1,1,1,1,1,1,1,1","8,8,8,8,1,8,3,3,3,3,3,3,3,3,3,3,3,3,3,3","1,1,1,1,1,1,1,1,1,1,1,1,1,1,1,1,1,1,1,1","1,1,1,3,1,1,1,1,1,1,1,1,1,1,1,1,1,1,1,1","3,1,4,2,8,8,8,8,8,8,8,8,8,7,6,5,8,8,3,3","1,1,0,1,1,1,0,1,1,1,1,1,0,0,1,0,0,0,1,1","1,0,0,1,1,1,1,0,1,1,1,0,1,1,0,1,1,0,0,1","1,0,0,0,1,1,1,1,0,1,1,0,1,1,1,1,1,0,0,0","0,1,1,1,0,1,1,0,1,1,1,0,0,0,1,1,0,0,0,0","0,0,0,1,0,1,0,0,0,0,1,1,1,1,0,1,0,0,0,1","0,0,0,0,0,0,0,0,1,0,1,1,1,1,0,0,0,1,1,0","1,1,1,1,1,1,0,1,1,1,0,1,1,1,1,1,0,0,1,0","0,0,0,1,1,1,1,1,1,1,0,1,0,1,1,0,1,1,1,1","1,1,1,0,0,0,1,1,0,0,1,1,1,1,1,0,1,1,1,0","1,1,0,1,1,1,1,0,1,1,0,0,1,1,1,1,1,1,1,1","1,1,1,0,1,1,1,1,1,0,1,1,1,1,1,1,0,1,1,1","0,0,0,0,1,1,1,1,0,0,0,0,0,0,0,0,0,0,1,1","4Low,2Low,4Mid,8Low,2No,2High,2Mid,8High,4High,4No,8Mid,8No","8,10,14,7,13,16,15,6,17,13,13,12","2.44"
"52","73.207.115.107","IB9UMAYXQ8","2020-07-21","491291","921990","226962","30","male","15","There is no demonstrator on this survey","by selecting different choice from range ","good","1,1,1,1,1,1,1,2,2,1,1,1,1,1,1,1,1,1,1,1","3,2,1,2,2,3,1,4,3,1,2,4,3,4,1,2,3,4,1,1","6,8,5,5,6,8,7,8,8,6,5,5,5,5,7,6,8,7,5,6","1,1,1,1,1,1,1,1,2,2,1,2,1,1,1,1,1,1,1,1","3,4,3,4,4,1,4,2,3,4,1,2,4,3,1,2,4,3,4,1","3,1,6,3,2,3,2,6,3,3,1,6,2,3,1,2,2,3,1,6","1,1,1,1,1,1,1,1,1,1,1,1,1,1,1,1,1,2,1,1","2,4,3,2,3,4,2,3,3,4,2,4,1,4,3,4,1,2,1,3","8,5,7,3,5,1,8,2,4,5,6,8,1,8,1,7,3,2,8,8","1,1,1,1,1,1,1,1,1,2,1,1,1,1,1,2,2,1,1,1","3,4,3,1,2,4,1,3,2,4,2,3,2,4,1,3,1,2,4,1","2,3,7,8,1,4,6,3,8,7,2,1,6,2,6,8,2,1,6,8","1,1,1,1,0,1,1,0,0,0,0,1,1,1,1,1,1,0,1,1","1,0,1,0,0,0,1,1,0,1,0,0,1,0,1,0,1,1,1,0","1,1,0,1,1,0,1,0,1,1,0,0,0,0,0,1,1,0,0,0","0,0,1,1,0,1,0,1,0,0,1,0,1,1,0,1,1,0,1,1","0,0,1,0,0,0,0,1,1,0,1,0,0,0,1,0,0,0,0,1","0,1,1,0,1,1,1,0,1,0,1,1,1,0,1,0,1,0,1,1","0,1,1,1,1,0,1,0,1,1,1,0,0,1,1,1,1,0,1,0","0,1,1,0,0,0,0,0,1,1,1,1,0,0,1,0,1,0,1,0","0,0,1,1,0,0,1,1,0,0,0,0,0,0,1,1,0,1,0,1","0,0,1,0,1,1,1,1,1,0,0,1,0,0,1,0,0,1,1,1","0,0,1,1,1,1,1,1,0,0,0,1,1,0,0,1,1,1,1,1","1,1,0,0,0,1,0,0,1,1,0,1,0,0,1,1,1,1,0,0","8Mid,2No,4Mid,2Mid,8Low,8No,2High,4High,4No,4Low,8High,2Low","8,14,9,13,13,9,11,13,10,6,10,11","2.27"
"53","38.100.151.194","S3S0C92NVN","2020-07-21","337429","2688496","55959","28","male","16","I searched for one that gave me coins. ","I would see if they continuously got coins.","NULL","2,2,1,1,1,1,1,1,1,1,1,1,1,1,1,1,1,1,1,1","2,2,2,2,2,2,2,2,2,2,3,3,1,1,4,4,4,4,4,4","5,5,2,4,8,4,5,4,4,8,6,1,1,1,1,2,3,3,3,8","2,2,2,2,2,1,1,1,1,1,1,1,1,1,1,1,1,1,1,1","3,3,3,3,3,2,3,2,2,4,2,1,1,3,1,2,1,3,4,3","6,5,8,7,7,7,7,5,3,3,3,3,3,3,3,3,3,3,3,3","1,2,1,2,1,2,1,1,1,1,1,1,1,1,1,1,1,1,1,1","3,3,3,1,1,2,2,1,1,1,2,4,3,4,3,3,2,2,1,1","8,8,5,7,3,1,1,1,1,1,6,2,7,3,7,1,3,5,3,3","1,1,1,1,1,2,2,2,1,1,1,1,1,1,2,2,2,1,1,1","4,1,1,3,4,1,1,1,1,1,1,1,1,2,1,2,1,1,1,1","8,6,6,6,6,4,2,3,3,3,3,3,3,3,3,3,3,3,3,3","0,0,1,0,1,0,0,1,1,1,1,1,0,0,0,1,0,1,0,0","1,1,1,1,1,1,1,1,0,0,1,0,1,0,1,1,1,1,1,0","0,0,1,0,0,0,1,1,0,0,1,1,1,1,0,0,1,1,0,1","0,0,1,0,0,1,1,1,1,1,1,1,1,0,0,1,1,0,1,0","1,0,1,1,0,0,1,0,1,0,1,0,1,0,1,0,0,1,1,1","0,0,0,1,1,1,1,0,1,0,1,1,1,1,1,0,1,0,1,1","1,0,1,0,0,0,1,1,1,0,1,0,0,1,0,1,1,1,1,1","1,0,1,1,1,1,0,1,1,0,0,0,1,0,1,0,1,1,0,0","1,0,0,0,0,1,0,0,1,0,0,1,0,0,1,0,1,1,1,1","1,0,1,1,0,0,0,0,1,1,1,1,1,0,0,0,1,0,1,1","0,1,1,1,0,1,1,1,1,1,0,1,1,1,0,0,1,1,1,1","0,1,0,1,0,0,0,1,1,1,1,1,1,1,1,1,1,1,1,0","4No,2Mid,8High,4Mid,8No,2High,8Low,4High,4Low,2Low,8Mid,2No","15,12,14,11,10,11,13,15,11,12,9,9","2.42"
"54","73.246.189.170","IX8XJ26RVP","2020-07-21","818727","1388971","530957","40","male","5","i guess the coin in m best knowledge.","i guess the coin in the demonstrated hand go to the image.","good","1,2,1,1,2,1,2,1,2,1,2,1,1,2,1,2,2,1,1,1","3,1,4,2,3,1,2,4,2,2,1,3,1,4,2,4,1,3,2,4","4,7,1,1,3,2,8,8,6,5,2,1,3,7,8,5,6,2,3,7","1,2,1,2,1,2,2,2,1,1,1,2,1,1,1,1,2,1,2,1","2,4,1,1,3,2,3,2,1,4,2,3,2,1,4,3,3,3,1,2","3,6,3,6,4,7,2,2,1,5,4,7,7,7,1,7,7,7,3,3","2,2,1,1,2,2,1,1,1,1,1,1,2,2,1,2,1,2,1,2","2,4,1,3,1,2,4,4,2,3,1,1,1,4,2,4,2,3,4,1","8,3,8,4,1,6,3,7,2,3,5,6,8,7,3,7,6,3,8,3","1,2,1,1,2,2,1,1,2,1,1,1,2,1,2,1,1,2,1,1","2,3,2,4,1,3,1,3,2,1,4,2,2,1,3,2,1,3,4,1","2,6,2,8,3,7,8,3,1,8,5,2,8,6,1,3,7,6,2,1","1,0,1,0,0,0,0,0,0,0,0,1,1,0,0,0,0,1,1,1","1,1,0,1,1,1,1,0,0,1,1,1,0,0,0,0,1,0,0,0","0,0,1,0,0,0,1,0,1,0,0,1,0,1,0,0,0,1,1,1","0,0,1,0,0,0,0,0,1,1,0,0,1,0,0,1,0,0,0,1","0,0,1,0,1,1,1,0,0,0,1,1,0,0,0,1,1,1,1,0","1,1,1,0,0,0,0,1,0,0,0,1,1,1,0,1,1,0,1,1","0,0,1,0,0,0,1,0,0,0,1,1,0,0,1,0,0,0,0,0","0,1,1,0,1,0,1,0,0,0,1,1,0,0,0,0,0,0,0,1","1,1,0,1,0,0,1,1,1,1,0,0,0,1,0,1,0,1,1,1","1,0,0,0,0,0,0,1,0,1,1,1,0,0,0,0,0,0,1,1","0,0,1,0,1,1,1,0,0,1,0,0,0,0,1,0,1,1,0,0","1,0,0,0,1,1,1,1,0,0,0,0,1,0,1,1,0,0,0,1","2Low,8Mid,2Mid,4Low,2No,8High,4High,8No,2High,4No,4Mid,8Low","6,12,5,10,7,9,8,8,7,10,7,11","2"
"55","173.91.109.51","VAO0Y0WDRU","2020-07-21","283962","615571","35201","36","male","14","Just by testing out the games. ","I didnt pay much attention to the demonstrator","NULL","2,2,2,2,2,1,1,1,1,1,1,1,1,1,1,1,1,1,1,1","2,2,2,1,1,1,1,1,1,1,1,1,1,1,1,1,1,1,1,1","8,6,5,4,3,3,3,3,3,3,3,3,3,3,3,3,3,3,3,3","1,2,1,2,2,1,1,1,1,1,1,1,1,1,1,1,1,1,1,1","2,4,1,1,1,1,1,1,1,1,1,1,1,1,1,1,1,1,1,1","3,3,3,3,3,3,3,3,3,3,3,3,3,3,3,3,3,3,3,3","2,1,1,2,2,2,2,1,1,1,1,1,1,1,1,1,1,1,1,1","4,4,4,2,2,2,3,3,3,3,3,3,3,3,3,3,3,3,3,3","8,2,5,7,6,6,6,7,7,7,7,7,7,7,7,7,7,7,7,7","1,1,1,1,2,2,1,1,1,1,1,1,1,1,1,1,1,1,1,1","3,1,1,3,2,4,4,4,4,4,4,4,4,4,1,1,1,1,1,1","4,4,4,4,3,3,3,3,3,3,3,5,8,3,3,3,3,3,3,3","0,1,0,0,0,0,0,1,1,1,0,1,1,1,0,1,1,1,0,1","1,0,0,1,1,1,1,0,1,1,1,1,1,1,1,1,1,1,1,1","0,0,0,0,1,1,1,1,1,0,1,1,1,1,1,1,0,1,1,0","0,0,0,0,0,1,1,1,0,0,0,0,1,1,0,1,0,1,0,1","0,0,1,0,1,1,1,1,1,0,0,1,1,1,1,1,1,1,1,1","1,1,0,0,1,1,1,1,1,1,0,1,0,0,1,0,1,1,1,0","0,0,0,0,0,0,0,1,0,1,1,0,1,0,1,0,1,1,1,1","1,0,0,1,0,0,1,1,1,1,1,0,0,1,1,1,0,1,0,1","0,1,0,1,1,0,0,1,1,1,0,1,0,0,1,1,1,1,1,0","1,1,0,0,0,0,0,1,0,0,1,1,0,0,1,1,1,0,1,1","0,1,0,0,0,1,1,0,1,0,0,1,0,0,1,1,0,0,1,0","1,1,0,0,1,1,0,0,1,0,0,0,0,1,1,1,1,0,1,1","8Mid,2Low,8No,4No,4High,2Mid,4Mid,4Low,8High,2High,2No,8Low","12,8,13,17,8,9,12,15,11,10,11,13","2.39"
"56","193.39.186.116","QWLDQRY96Q","2020-07-21","151823","2507043","44318","23","male","16","guess","with demonstrator help","na","1,1,1,1,1,1,1,1,1,1,2,2,2,2,2,2,2,2,1,1","2,4,2,2,1,3,3,4,2,2,2,3,3,3,3,3,4,2,2,2","6,3,4,3,6,4,3,4,8,2,8,2,6,2,2,2,2,7,7,5","2,2,2,1,1,1,2,1,1,1,1,1,1,1,2,2,2,2,1,1","3,3,3,3,3,3,3,3,3,3,3,3,3,3,3,3,3,3,3,3","6,5,5,5,6,3,3,3,3,3,1,3,8,2,8,3,8,2,2,5","1,1,1,2,2,2,1,1,1,1,1,1,1,1,1,2,1,1,1,1","3,3,2,2,4,1,1,1,1,1,2,4,4,4,4,4,4,1,1,1","6,8,5,3,3,3,3,2,6,3,3,3,3,3,3,1,3,3,3,6","1,1,1,1,1,1,1,1,1,1,1,1,1,1,1,1,2,1,1,1","3,1,2,3,3,1,1,3,1,1,1,2,1,2,1,1,1,1,1,1","3,3,3,3,2,3,4,4,3,3,3,3,3,4,3,3,2,3,2,3","1,1,0,1,1,1,1,0,0,1,0,0,0,0,1,0,0,0,1,0","1,0,1,0,0,1,1,0,0,1,1,0,0,0,1,1,0,0,0,0","1,1,1,1,0,1,1,0,1,0,1,1,1,1,1,1,1,1,0,0","0,1,0,1,1,0,0,0,0,1,1,1,0,0,0,0,0,0,1,1","1,1,1,1,1,0,0,1,1,0,1,1,1,1,0,0,1,1,1,0","1,1,0,0,1,1,1,1,1,1,1,1,0,1,0,1,0,1,0,0","0,1,1,0,0,0,1,0,1,1,1,1,0,1,1,0,1,1,0,0","1,0,1,0,0,0,1,1,1,1,0,0,0,0,1,1,0,1,0,1","0,0,0,1,1,1,0,1,1,1,1,1,0,1,1,1,1,0,0,0","1,0,1,0,1,0,0,1,1,1,1,1,1,0,0,0,0,1,0,1","1,1,0,1,0,1,1,1,1,1,0,0,1,1,1,1,1,1,1,0","1,1,1,1,1,0,1,0,1,0,1,1,0,0,0,0,1,1,0,1","8No,4No,2Low,8Low,2No,2Mid,8High,2High,8Mid,4High,4Mid,4Low","15,8,8,13,9,11,12,11,12,15,10,14","2.38"
"57","45.4.196.123","KLZJDWJUK1","2020-07-21","772551","1565417","1758264","30","male","16","nothing","The demonstrators choice will be shown as a cartoon finger","interesting","1,2,2,1,2,2,1,1,2,2,2,2,2,2,2,1,1,1,1,1","2,3,2,1,4,3,4,2,4,1,2,1,4,3,4,2,4,3,1,2","6,4,4,5,2,8,4,8,4,5,6,5,2,3,2,2,1,7,7,1","1,1,1,1,1,1,1,1,1,1,1,2,1,1,1,2,1,1,1,1","4,2,2,2,4,4,4,4,3,1,2,2,2,2,2,2,4,4,2,2","6,5,5,7,2,1,3,2,8,7,5,6,2,2,2,1,7,4,5,7","1,2,1,1,1,2,1,1,1,1,1,1,1,1,1,2,1,1,1,1","3,2,1,4,4,2,3,3,2,2,4,2,1,3,3,3,1,4,4,1","8,5,5,4,1,3,3,2,2,8,3,3,5,5,2,8,1,4,1,8","1,1,1,1,1,2,1,1,1,1,1,1,1,1,1,1,1,1,1,1","2,3,3,3,3,2,2,2,2,2,2,3,3,4,4,1,2,1,1,1","3,3,4,6,7,6,2,4,1,3,1,2,2,4,5,8,5,8,5,6","1,0,0,1,0,0,0,1,0,0,0,0,1,0,0,1,0,1,1,1","0,1,1,1,0,1,0,1,0,1,0,0,0,0,0,1,0,0,1,1","0,0,1,0,1,0,0,1,1,0,1,1,0,1,1,1,1,0,1,1","1,0,1,0,0,1,1,0,1,1,0,0,0,1,1,0,0,1,0,1","1,0,1,1,0,0,0,1,1,1,0,1,0,0,0,1,0,0,0,1","1,0,0,1,1,0,0,1,0,0,0,1,1,1,0,0,0,1,1,1","1,0,1,1,1,0,1,0,1,0,1,0,0,1,0,0,0,0,0,1","0,0,1,0,0,0,0,0,0,0,0,0,1,1,1,0,1,0,0,1","0,1,1,0,1,1,1,0,1,1,1,1,0,1,1,1,0,0,1,0","1,0,1,1,1,0,1,1,1,0,1,1,0,1,1,1,0,1,1,1","0,1,1,0,0,0,0,0,0,1,0,0,0,0,0,1,0,1,1,1","1,1,0,0,1,1,1,1,0,1,1,0,1,0,0,0,0,1,0,0","2Mid,4High,2High,8Low,4Low,8No,2No,8High,4No,8Mid,2Low,4Mid","9,7,15,10,9,12,8,10,9,13,10,6","2.18"
"58","166.170.15.83","DSBM7AEG85","2020-07-21","199796","1215494","74142","27","male","16","just i guess ","followed  the move","nothing","1,2,1,1,2,1,2,1,1,2,1,1,2,1,1,1,1,1,1,1","4,2,4,3,4,1,2,3,4,2,1,2,4,3,1,2,4,3,4,4","2,1,3,2,1,4,2,3,7,7,7,7,8,7,7,7,3,2,8,4","2,1,2,1,1,1,1,1,1,1,2,1,2,1,1,2,1,2,1,2","3,2,3,3,2,3,2,3,3,3,3,2,2,3,2,4,3,3,2,1","6,2,5,4,1,3,3,7,7,7,2,7,5,3,7,7,3,3,7,3","1,2,1,2,1,1,2,1,1,1,2,1,1,1,1,1,1,1,1,1","1,1,2,1,1,1,3,1,1,4,2,4,1,4,1,1,1,1,1,1","1,1,1,3,3,1,8,2,6,7,3,3,3,3,3,7,1,1,3,1","1,2,2,2,2,2,1,1,2,1,2,2,2,2,1,1,1,1,1,1","2,3,3,2,3,1,2,1,4,2,3,1,2,1,3,2,1,2,1,2","2,3,3,8,3,7,8,6,8,7,8,3,6,7,8,3,7,3,8,6","1,0,1,1,0,0,0,1,0,0,1,0,0,0,1,1,1,0,0,1","1,0,1,0,0,1,1,0,1,0,1,1,1,1,1,0,0,1,1,1","1,1,0,1,0,1,0,1,1,1,1,0,0,1,0,0,1,0,1,1","0,0,0,0,0,1,1,0,0,1,0,1,0,1,1,0,1,1,0,0","1,0,0,1,0,1,0,0,0,1,1,0,1,1,0,0,0,0,0,1","0,0,0,0,0,1,0,1,1,1,1,1,0,0,0,1,1,1,0,1","1,1,1,0,0,1,0,1,1,0,0,0,1,1,1,0,1,1,0,1","1,1,0,0,1,1,1,1,1,0,1,1,0,0,1,1,1,1,1,1","1,1,0,0,0,0,1,1,0,0,1,1,1,1,1,0,0,1,1,1","1,0,0,0,0,0,1,0,0,1,1,0,0,0,1,1,1,1,1,1","0,1,0,0,1,1,1,1,1,1,0,1,0,1,0,1,1,1,1,0","0,1,1,1,1,1,1,0,1,1,0,1,0,0,1,1,1,1,0,1","4Mid,2Mid,8No,8Mid,8Low,4Low,8High,2Low,2No,4High,2High,4No","15,12,12,12,10,8,14,8,9,13,10,13","2.36"
"59","38.91.100.18","ZW64ZFF23I","2020-07-21","481014","834337","100408","33","nottosay","14","Random picks.","Random picks.","Nothing.","2,2,2,2,1,1,1,1,2,1,1,1,1,1,1,1,2,2,1,1","3,3,3,3,3,3,3,3,3,3,3,1,1,4,4,2,2,4,1,1","2,6,2,6,2,2,2,6,5,4,2,2,6,6,2,6,5,1,3,2","1,1,1,1,1,1,1,2,1,1,1,1,1,1,1,1,1,1,1,1","1,1,1,1,1,1,1,3,1,1,1,4,1,1,1,1,1,1,1,1","5,5,5,8,4,4,4,4,4,7,1,2,3,4,8,5,6,7,1,2","1,2,2,2,2,2,1,1,2,1,1,2,2,1,1,2,1,1,1,1","2,2,3,3,3,3,3,3,3,3,3,3,3,3,3,3,3,3,3,3","4,4,4,4,4,4,4,5,7,6,3,1,8,2,4,5,7,6,3,1","1,1,1,1,2,1,1,2,1,2,1,1,1,1,1,1,1,2,1,1","2,2,2,1,1,4,3,3,2,2,2,3,3,3,4,4,4,4,4,1","6,6,5,4,5,3,2,1,8,1,7,4,5,5,1,1,1,1,2,2","0,0,0,0,1,1,1,0,0,0,1,1,1,1,1,0,1,0,1,1","1,0,0,1,1,0,0,0,0,0,0,1,1,0,0,0,1,0,0,0","1,1,1,0,1,1,0,0,0,0,1,0,1,1,0,0,0,1,1,0","1,1,1,0,1,1,1,0,1,1,0,1,1,0,1,1,0,0,1,1","1,1,1,0,1,1,1,0,1,1,1,0,1,1,0,1,0,1,1,1","0,0,0,0,1,1,0,0,0,1,1,1,1,0,0,0,1,1,0,1","0,0,0,0,0,0,1,0,0,1,0,0,0,1,0,0,1,1,0,1","1,0,0,0,1,1,1,0,1,0,1,0,0,0,1,1,1,1,0,1","0,0,0,0,0,0,0,0,1,1,0,1,1,0,1,0,1,1,0,1","1,0,1,1,0,1,1,0,1,0,0,1,1,1,1,0,0,0,1,1","0,0,0,1,0,0,1,1,0,0,0,0,1,1,0,0,0,1,0,1","1,0,1,0,0,1,1,0,1,0,1,1,0,1,0,0,0,0,0,1","8No,2High,4Mid,2Low,4Low,4High,2No,8High,8Low,4No,2Mid,8Mid","10,12,11,14,15,7,11,9,9,6,6,8","2.18"
"60","24.250.9.191","K1Q8TZ4K0O","2020-07-21","194948","706973","59933","30","male","12","I made my decision by finding the slot machine that seemed to pay out the most often, and stuck to that one machine.","I followed the demonstrators choices until I found a machine that I thought was the best for paying out.","None","2,2,1,1,1,1,1,1,1,1,1,1,1,1,1,1,1,1,1,1","1,3,2,4,3,3,1,1,1,1,1,1,1,1,1,1,1,1,1,1","8,1,1,1,5,7,7,1,1,7,1,7,1,7,7,1,1,1,1,1","2,2,1,1,1,1,1,1,1,1,1,1,1,1,1,1,1,1,1,1","3,2,3,3,2,3,3,3,3,3,3,3,1,3,1,2,1,3,3,3","6,5,5,4,6,6,6,6,6,6,6,6,6,6,6,6,6,6,6,6","1,2,1,1,1,1,1,1,1,1,1,1,1,1,1,1,1,1,1,1","3,2,3,1,3,3,3,3,1,4,4,4,4,4,1,1,1,1,1,1","8,4,3,4,1,3,3,2,6,3,3,3,3,3,3,3,3,3,3,3","1,1,1,1,1,1,1,1,1,1,1,1,1,1,1,1,1,1,1,1","1,1,1,3,4,4,4,4,4,4,4,4,4,4,4,4,4,4,4,4","3,3,3,2,2,3,3,3,3,3,3,3,3,3,3,3,3,3,3,3","0,0,1,0,1,1,1,1,1,1,1,1,0,1,1,1,1,0,1,1","0,1,0,0,0,0,1,1,1,1,1,1,1,0,1,1,1,1,1,1","0,1,0,0,0,1,0,0,1,1,1,1,1,0,0,0,1,1,1,1","0,0,1,1,0,1,0,1,1,1,0,1,1,1,0,0,0,1,1,1","1,1,1,0,0,1,1,0,1,1,1,0,1,1,0,0,0,1,1,0","0,0,0,0,1,1,1,0,1,1,1,1,1,0,1,0,0,0,0,0","1,0,1,1,1,1,1,1,1,1,1,1,1,1,1,0,0,0,1,1","1,0,0,0,1,0,0,0,0,0,1,1,0,0,0,1,1,1,1,1","1,1,1,1,0,0,1,1,1,1,1,1,1,1,1,0,1,1,0,1","1,1,0,1,1,1,0,1,1,1,1,0,0,1,1,1,1,0,0,1","1,1,0,1,0,0,1,1,1,0,0,1,1,1,1,0,1,0,0,0","1,1,1,1,1,1,1,0,1,1,0,1,1,1,1,1,1,1,1,1","4No,8Low,4High,8No,4Low,2No,8Mid,8High,4Mid,2High,2Mid,2Low","14,9,11,11,12,15,16,18,9,14,16,12","2.57"
"61","71.175.44.119","1DQTGZA6FA","2020-07-21","294191","727917","99225","49","female","12","I just picked slot machines randomly.","Most of the time, I tried to pick the same one as them...but sometimes I would still do it randomly.","N/A","2,2,1,1,2,1,2,2,1,1,1,2,1,1,2,1,1,2,2,1","4,3,2,1,4,1,4,2,1,2,3,4,2,2,1,1,3,4,2,1","7,6,4,7,2,7,3,5,4,8,7,7,7,2,2,6,3,5,8,7","2,2,1,1,1,2,1,1,2,1,1,1,1,1,2,2,2,1,1,2","3,1,3,3,4,1,1,1,1,4,3,1,2,3,2,2,4,2,3,3","6,5,5,5,8,7,4,3,3,3,1,3,3,6,5,3,5,4,8,3","1,2,2,2,1,1,2,2,2,1,1,1,2,1,1,2,1,2,2,2","3,2,3,1,1,1,3,1,1,4,2,4,3,4,1,1,1,1,1,1","8,3,2,4,2,2,3,2,3,2,3,3,3,3,2,2,2,3,8,2","1,1,1,1,2,2,1,2,1,1,2,1,2,1,1,1,2,2,1,1","1,1,1,3,3,1,1,1,3,1,1,3,1,2,1,1,1,3,3,1","3,3,3,5,7,3,7,3,3,1,4,8,3,5,3,3,3,6,3,5","0,0,1,0,0,0,0,0,1,1,1,0,1,0,0,0,0,0,0,1","1,0,0,1,0,1,0,1,1,0,1,0,1,0,1,1,1,0,0,1","1,1,1,1,1,1,1,0,0,1,1,1,0,1,0,1,0,0,0,1","0,0,1,1,0,0,1,1,0,1,0,1,1,1,0,0,0,1,1,0","0,1,1,0,0,1,1,0,1,0,1,0,0,0,1,0,1,0,1,1","1,0,0,0,1,1,0,1,1,1,1,0,0,1,0,1,0,0,0,1","0,0,0,0,0,1,0,0,0,1,0,0,0,1,1,0,1,0,0,0","1,0,1,1,1,1,1,0,1,1,0,0,0,0,1,1,1,1,1,1","0,1,1,0,1,1,1,0,1,1,1,1,1,0,1,1,0,0,1,1","1,1,1,1,0,0,0,0,0,0,0,0,0,1,0,0,0,0,1,0","1,1,1,0,1,1,1,1,1,1,1,0,1,0,1,1,0,1,1,1","1,1,0,0,1,1,1,1,0,0,1,0,1,0,1,1,0,0,0,0","4High,8Mid,8No,4No,2No,8High,4Mid,2Mid,8Low,4Low,2Low,2High","16,14,13,11,6,10,14,5,10,10,10,6","2.25"
"62","47.234.184.10","T60QCLSL0J","2020-07-21","260158","662450","222847","20","male","13","I chose the machines randomly and went with the ones that I felt were consistent.","I would look at what the demonstrator clicked on, and made a mental note of it. I would click on a slot machine if I noticed the demonstrator clicked on it multiple times. Otherwise, if I felt there were better options I would ignore what the demonstrator clicked on.","This was a pretty fun game, and I wish there were more rounds.","2,1,1,1,2,2,2,2,2,2,2,2,1,1,1,1,1,1,1,1","2,3,3,3,3,3,3,3,3,3,3,3,3,3,3,3,3,3,3,3","5,7,7,7,7,7,7,7,3,3,3,3,3,3,3,3,3,3,3,3","1,1,2,2,1,1,1,1,1,1,1,1,1,1,1,1,1,1,1,1","1,1,1,1,1,1,1,1,1,1,1,1,1,1,1,1,1,1,1,1","6,8,5,5,7,7,7,7,7,7,7,3,3,3,3,3,3,3,3,3","2,2,1,1,1,1,1,1,1,1,1,1,1,1,1,1,1,1,1,1","2,4,4,4,4,1,1,1,1,1,1,1,1,1,1,1,1,1,1,1","6,2,2,2,2,2,2,2,2,2,2,2,2,2,5,2,2,2,2,2","2,1,1,1,1,2,1,1,1,1,1,1,1,1,1,1,1,1,1,1","1,1,1,1,1,1,1,1,1,1,1,1,1,1,1,1,1,1,1,1","3,3,3,3,8,8,8,8,8,8,8,8,8,8,8,8,3,3,8,8","0,0,1,0,0,1,0,1,1,1,0,0,0,1,0,1,1,1,1,0","0,1,1,1,1,1,0,1,1,1,1,0,1,1,1,0,1,1,0,0","0,1,0,1,1,1,0,0,1,1,1,0,1,1,0,0,1,1,1,1","1,0,0,0,1,1,1,1,1,0,0,0,1,1,1,1,1,1,1,1","1,1,1,1,1,1,1,1,1,1,1,1,1,1,0,0,0,1,1,1","0,0,0,0,1,1,1,0,1,1,0,1,1,1,1,1,1,1,1,0","0,0,1,1,1,1,1,1,1,0,0,1,1,1,1,1,1,0,1,1","0,1,0,1,0,0,1,1,1,1,1,1,1,0,1,0,0,1,1,0","0,1,1,0,1,0,1,1,0,1,1,1,1,0,0,1,0,0,1,0","0,1,1,0,0,0,1,1,1,0,1,0,1,1,1,1,0,1,0,1","1,1,1,0,1,1,0,1,1,1,1,1,1,0,1,1,1,1,1,1","0,1,1,0,1,1,0,1,1,1,0,1,1,1,0,0,0,0,0,0","4No,4High,8Low,2No,8No,2Mid,8Mid,2High,8High,4Mid,4Low,2Low","14,17,13,10,13,15,11,12,10,12,17,14","2.58"
"63","71.114.123.239","VR9SIQPV0V","2020-07-21","346409","710479","123138","46","female","16","tried to figure out which one was mostly giving coins if I was only occasionally getting no coin from a machine I stuck with that one","went with the demonstrator if I was having trouble finding a machine that paid out more than not","NULL","2,1,1,1,2,2,2,1,1,1,1,1,1,1,1,1,1,1,1,1","2,3,4,1,1,1,1,1,1,1,1,1,1,1,1,1,1,1,1,1","2,2,2,1,6,6,6,6,8,3,3,3,3,3,3,4,4,4,4,4","2,2,1,1,1,1,1,1,2,1,1,2,1,1,1,2,2,2,1,1","3,3,2,2,1,4,3,2,2,3,3,3,2,3,1,1,2,4,4,2","3,3,3,3,5,3,3,4,1,1,1,1,1,1,1,3,3,3,3,3","1,1,1,2,2,1,1,1,1,1,1,2,1,1,1,2,2,1,1,1","3,2,3,3,3,3,1,1,1,1,1,1,1,1,1,1,1,1,1,3","8,8,8,8,6,3,3,2,2,3,3,3,1,6,4,5,8,8,3,2","1,1,1,1,1,1,1,2,2,1,1,1,1,1,1,1,1,1,1,1","1,1,1,3,3,3,3,2,4,1,1,1,1,1,1,1,1,1,1,1","3,1,1,3,3,3,3,3,3,3,7,7,3,5,2,2,2,2,3,3","0,1,0,0,0,0,0,0,1,1,1,1,1,0,1,1,1,0,0,1","0,0,0,1,1,0,0,1,1,1,1,1,1,1,1,1,1,1,1,0","1,1,0,0,1,1,0,0,0,1,0,1,1,0,0,1,0,1,0,0","0,0,1,1,0,1,1,0,0,0,1,0,1,0,0,0,0,0,1,1","1,0,1,0,0,0,0,1,0,1,1,0,0,0,1,0,0,1,0,0","1,1,1,0,0,1,0,0,1,1,1,1,0,1,0,1,1,1,1,1","1,0,0,0,0,0,1,1,0,1,0,0,1,0,1,0,0,0,0,1","1,0,1,1,1,0,1,1,1,1,1,1,1,1,0,1,1,1,0,0","1,1,0,1,0,1,1,1,1,1,1,0,0,0,0,0,1,1,0,1","1,0,1,1,1,0,0,0,0,0,1,1,1,0,1,1,1,1,0,1","1,1,0,1,1,1,0,0,0,1,1,1,1,1,1,1,1,1,1,1","0,1,0,1,1,1,1,1,1,0,1,0,0,0,1,1,1,0,1,1","4Mid,8Mid,2Low,4Low,2No,8High,4High,2High,8Low,4No,2Mid,8No","15,12,8,7,10,13,16,12,14,14,7,9","2.37"
"64","73.173.103.253","H8C2JJLHU1","2020-07-21","115328","588690","116520","26","male","16","Pick one of the slots at random, see if it has a good success rate, if it does stick with it, if it does not try other slots at random until I find one with a better success rate.","Pick the slot chosen by the demonstrator for a few trials, if it has a good success rate stick with it regardless of subsequent choices by the demonstrator. If it doesnt, try other slots chosen by the demonstrator if the demonstrator is consistently choosing the same slots over and over again, if they are choosing randomly then I will choose randomly until I find a slot with a better success rate.","NULL","1,1,1,1,1,1,1,1,1,1,1,1,1,1,1,1,1,1,1,1","1,2,3,3,4,3,4,2,1,1,1,1,1,3,3,3,3,1,3,1","5,5,5,6,4,7,7,7,7,7,7,7,7,7,7,7,7,7,7,7","2,2,1,1,1,1,1,1,1,1,1,1,1,1,1,1,1,1,1,1","3,3,3,3,3,2,3,3,3,3,3,3,3,3,3,3,3,1,1,1","6,5,8,5,1,1,1,1,3,3,3,3,3,3,3,3,3,3,3,3","1,1,1,1,1,1,1,1,1,1,1,1,1,1,1,1,1,1,1,1","3,3,3,3,3,3,3,3,3,3,3,3,2,3,4,4,4,4,4,4","8,8,8,8,8,8,8,8,8,8,8,8,8,8,8,8,8,8,8,8","1,2,1,1,1,1,1,1,1,1,1,1,1,1,1,1,1,1,1,1","1,1,1,1,1,1,1,1,1,1,1,1,1,1,1,1,1,1,1,1","3,1,3,3,3,3,3,3,3,3,3,3,3,3,3,3,3,3,3,3","1,1,1,0,1,0,1,1,1,1,0,0,1,1,1,1,0,0,1,1","0,0,1,0,0,0,0,0,1,1,1,0,0,1,1,0,0,0,0,0","1,0,0,0,0,1,1,0,1,1,1,1,1,0,1,1,1,0,0,1","0,0,1,0,1,1,1,1,0,1,1,1,0,1,0,1,1,1,0,1","1,0,0,1,0,0,1,1,1,1,1,1,0,1,0,0,0,1,1,1","0,0,0,0,1,1,0,0,1,1,1,1,1,1,1,1,1,1,1,0","1,1,1,1,1,0,1,0,1,1,1,1,1,0,0,1,0,1,1,0","1,1,1,1,1,0,1,1,0,0,0,0,0,0,1,1,1,1,1,0","1,1,1,1,1,1,1,0,0,1,1,0,1,1,0,0,1,1,1,0","0,0,1,0,1,1,1,0,1,0,1,0,1,1,1,0,1,1,1,0","1,1,1,0,1,1,1,1,1,1,1,1,1,1,1,1,1,1,1,1","0,0,1,1,1,1,1,1,1,1,1,1,0,1,0,1,1,1,1,0","8High,2Mid,8Low,4Low,4No,2High,4High,4Mid,2No,2Low,8No,8Mid","15,14,13,12,6,12,19,12,14,13,12,14","2.56"
"65","74.137.108.243","QEB33ZC8F8","2020-07-21","267428","1378898","128012","30","male","16","Hyphothetically","Hyphothetically","Thank you for giving the experiment.","2,2,1,1,1,1,1,1,1,1,2,1,1,1,1,1,1,1,1,1","1,1,2,2,1,4,4,1,4,4,2,2,3,1,2,4,2,2,3,4","7,8,7,8,3,1,7,8,3,8,7,1,3,5,7,2,3,1,7,5","2,1,2,2,2,1,2,2,2,2,2,1,1,1,2,2,2,2,2,2","3,4,4,4,2,4,4,4,2,4,4,4,4,4,4,4,4,4,4,4","6,6,2,6,6,2,6,6,6,2,6,3,6,2,6,2,6,6,3,6","1,1,1,2,1,1,2,2,1,1,1,1,1,1,2,1,1,1,1,1","1,2,4,3,2,2,1,3,4,2,1,2,1,4,3,1,1,4,3,3","5,7,3,4,5,3,7,5,6,3,7,3,3,3,3,5,3,3,3,3","2,1,1,1,2,2,1,1,1,1,1,1,2,1,1,2,1,1,1,1","1,2,3,4,1,4,3,4,2,3,4,1,4,3,4,4,4,3,2,4","3,3,1,2,3,1,3,3,3,3,3,1,3,3,3,3,3,3,3,3","0,0,1,1,0,0,1,0,1,1,0,1,1,0,0,1,0,1,1,0","1,0,0,0,0,1,1,0,0,0,1,0,0,0,1,1,0,0,0,0","1,1,0,1,1,0,1,0,1,0,1,0,1,0,1,0,0,1,1,0","0,0,0,0,0,0,0,1,0,0,1,1,0,1,0,0,0,0,0,0","0,1,1,1,0,0,1,0,0,0,0,1,1,0,0,0,1,1,0,0","1,1,1,1,0,1,0,1,0,0,0,1,0,1,1,0,0,1,1,0","0,1,1,0,0,1,0,0,1,1,1,0,0,0,0,1,0,1,0,1","0,1,1,1,0,0,1,0,0,0,0,1,1,1,1,0,1,0,0,0","0,1,1,0,0,1,0,0,0,1,0,1,1,1,0,0,1,1,0,1","0,1,1,1,0,0,0,1,0,0,1,1,0,1,0,0,1,1,1,1","1,1,1,0,1,1,0,1,0,1,0,0,0,0,1,1,0,1,0,0","1,0,1,0,1,0,1,1,0,1,1,0,1,1,1,1,1,1,1,0","4Mid,4High,8No,8Mid,2High,8High,2Low,4Low,8Low,4No,2Mid,2No","11,10,11,10,11,14,4,8,11,6,9,10","2.15"
"66","73.236.39.243","EWCZ9T7LLU","2020-07-21","140366","768248","68959","32","male","13","I tend to stuck with the machine that was offering out coins, after finding it and hoped that it would continue to produce.","I would try to find the coins on my own, but usually waited to see where the demonstrator went back to over and over again. ","NULL","2,1,1,1,1,2,1,1,2,1,1,1,1,2,1,1,1,2,2,1","3,4,3,2,3,4,3,3,3,3,3,3,3,4,3,4,3,3,3,3","6,4,8,5,6,1,1,3,2,8,2,2,2,2,2,2,2,2,2,2","2,2,1,1,2,2,1,1,1,2,2,1,1,1,2,1,2,1,1,1","3,2,2,3,2,2,3,2,2,4,3,1,1,3,2,2,1,1,4,3","6,5,8,8,6,8,5,7,4,3,3,3,3,3,3,3,3,3,3,3","1,2,2,2,1,1,1,2,1,1,2,1,1,1,1,2,1,2,1,2","2,4,3,3,3,3,3,3,3,3,1,1,1,1,1,1,1,1,1,1","8,4,6,6,1,1,3,3,3,3,3,3,3,3,3,3,3,3,3,3","1,1,1,1,2,1,1,1,1,1,1,1,1,1,1,1,1,2,1,1","1,1,1,1,1,1,4,1,1,1,1,1,2,2,1,1,1,1,1,1","3,3,3,2,2,2,3,3,3,3,7,3,3,3,3,6,6,3,3,3","0,1,1,1,1,1,1,1,0,1,1,1,1,0,1,0,0,0,0,1","1,1,0,0,1,0,1,1,0,1,1,1,0,1,1,0,0,1,1,1","1,0,0,0,0,1,0,0,1,0,1,1,1,1,1,1,1,1,1,0","0,0,1,1,0,0,1,1,1,0,0,1,1,0,0,1,0,1,0,1","0,1,0,1,0,1,1,0,0,0,1,1,1,0,1,0,1,0,0,1","0,0,0,1,0,0,0,0,0,1,1,1,1,1,1,1,1,1,0,0","0,0,0,0,1,1,0,0,1,1,0,1,0,1,1,0,0,0,1,0","0,0,1,1,1,0,1,0,1,0,1,1,1,1,1,1,1,1,1,1","0,0,1,0,1,0,1,1,1,0,1,1,1,1,0,1,1,1,1,1","1,1,1,0,0,1,0,0,1,1,1,1,1,1,1,0,0,0,1,1","1,1,1,0,1,0,0,1,1,1,1,0,1,0,0,1,1,1,1,0","1,1,0,1,0,0,1,1,1,0,0,1,1,1,0,1,0,1,0,0","2No,2Mid,4No,4Low,2Low,8No,8Low,8High,2High,4Mid,4High,8Mid","13,8,13,10,10,12,10,11,13,15,13,14","2.42"
"67","196.16.111.30","5XLQGV9310","2020-07-21","115121","1977834","31313","25","male","16","nil","nil","Nice study","2,1,1,2,2,2,2,1,2,2,2,1,1,1,1,1,1,1,1,1","3,1,1,1,1,1,1,1,1,1,1,1,1,1,1,1,1,1,1,1","4,4,4,4,4,4,4,4,4,4,4,4,4,4,4,4,4,4,4,4","2,1,1,1,1,1,1,1,1,1,1,1,1,1,1,1,1,1,1,1","3,3,3,3,3,3,3,3,3,3,3,3,3,3,3,3,3,3,3,3","2,7,7,7,7,7,7,7,8,4,6,1,1,1,1,1,1,5,2,7","2,2,1,1,1,1,1,1,1,1,1,1,1,1,1,1,1,1,1,1","3,1,1,1,1,1,1,1,1,1,1,1,1,1,1,1,1,1,1,1","8,8,8,8,8,8,8,8,8,8,8,8,8,8,8,8,8,8,8,8","2,2,1,1,1,1,1,1,1,1,1,1,1,1,1,1,1,1,1,1","1,1,1,1,1,1,1,1,1,1,1,1,1,1,1,1,1,1,1,1","3,2,4,4,4,4,4,5,7,7,7,7,7,7,7,7,7,7,7,7","0,0,0,0,1,0,1,1,0,0,0,1,1,1,1,1,1,1,1,0","0,1,1,1,1,1,1,0,1,0,1,0,1,1,1,1,1,1,1,1","1,1,0,1,0,0,0,1,1,1,0,1,0,0,0,0,0,0,1,0","0,1,0,1,1,0,0,1,1,0,0,1,1,1,0,1,1,1,0,1","1,0,0,1,0,1,0,1,1,0,0,0,0,1,1,0,1,1,1,0","0,1,0,1,1,1,0,0,0,0,0,1,1,1,0,0,0,0,0,1","0,0,1,0,1,1,1,1,1,1,0,1,1,0,1,1,1,1,1,0","0,1,1,1,1,1,1,1,1,1,1,1,1,1,1,1,1,1,1,1","1,1,0,1,1,0,0,0,0,1,1,1,1,1,0,1,0,0,0,0","0,0,1,0,1,1,1,1,1,1,1,0,1,0,1,1,1,0,1,1","1,1,1,0,1,1,1,1,1,1,1,1,0,1,1,1,1,1,1,1","0,0,0,1,0,0,0,0,1,1,0,1,0,1,0,1,1,1,1,0","2Low,4No,8Low,8Mid,8High,4Mid,4Low,2High,2No,4High,8No,2Mid","12,16,8,10,9,19,10,14,11,18,8,14","2.49"
"68","104.139.105.120","FL9354FOSO","2020-07-21","413837","1683735","37742","62","male","12","Just tried to pick one that gave a high rate of coins and stick with it.","Same way as without, Demonstrator had no impact on my choices","NULL","1,1,1,1,1,1,1,1,1,1,1,1,1,1,1,1,1,1,1,1","2,2,2,2,2,3,3,3,3,3,3,3,3,3,3,3,3,3,3,3","5,5,5,5,5,6,6,6,6,6,6,6,6,6,6,5,6,6,6,6","2,2,2,1,1,1,1,1,1,1,1,1,1,1,1,1,1,1,1,1","4,1,1,1,1,1,1,1,1,1,1,1,1,1,1,1,1,1,1,1","6,5,5,5,3,8,8,8,1,8,1,2,2,2,2,2,2,2,2,2","1,1,1,1,1,1,1,1,1,1,1,1,1,1,1,1,1,1,1,1","1,3,1,1,1,4,1,1,1,1,1,4,4,4,4,4,4,1,1,1","5,6,6,6,8,2,5,5,6,8,3,3,3,3,3,3,3,3,3,3","2,2,1,1,1,1,1,1,1,1,1,1,1,1,1,1,2,1,1,1","4,4,4,4,4,4,4,4,4,4,4,4,4,4,4,4,4,4,1,1","5,5,8,6,6,6,6,6,4,7,7,1,3,3,3,5,3,3,3,3","0,1,1,1,0,0,1,1,1,0,1,0,1,0,0,1,0,0,0,1","1,1,0,0,0,1,0,1,1,1,0,1,0,1,0,0,1,1,0,0","1,1,0,0,0,1,1,0,0,0,0,1,1,0,0,0,1,1,0,1","0,0,0,1,1,0,1,1,1,1,1,1,1,1,0,0,1,0,1,1","0,1,1,1,1,0,1,1,1,1,1,1,1,1,1,1,1,1,1,1","0,1,1,0,0,1,1,1,1,0,0,1,0,1,1,1,0,1,0,0","1,1,1,1,1,0,1,0,1,1,0,1,1,0,1,1,1,1,0,1","0,0,1,1,0,0,1,1,1,1,0,0,1,1,0,0,0,1,0,1","0,1,1,0,0,0,0,0,0,1,1,1,1,1,1,1,0,1,1,1","0,0,1,1,1,0,0,1,1,1,0,1,1,1,1,0,0,1,0,1","1,0,1,0,1,1,1,0,1,1,0,0,1,1,0,1,0,0,1,1","0,0,0,1,1,0,0,0,0,1,0,0,1,0,1,0,1,0,0,1","8Low,4Mid,8High,2Mid,4High,8No,2No,2Low,4Low,8Mid,4No,2High","11,10,7,15,12,9,10,13,18,12,10,12","2.39"
"69","67.163.202.164","3JJBY1WM39","2020-07-21","204263","905041","71350","38","female","16","I found which one seemed to give more coins and stuck with it. ","I followed what they did mostly, but sometimes I had a feeling that I followed and would choose a different one. ","none","2,2,1,1,1,1,1,1,1,1,2,2,2,2,2,1,1,1,1,1","3,1,1,1,1,1,1,1,1,1,1,1,1,1,1,1,1,1,1,1","6,4,3,3,3,3,3,3,3,3,3,3,3,3,3,3,3,3,3,3","2,2,2,2,2,1,1,1,2,2,1,1,1,1,2,1,1,1,1,2","3,3,3,3,3,2,3,2,1,1,1,1,4,4,4,2,2,2,2,2","6,6,6,6,6,6,6,6,6,6,6,6,6,6,6,6,4,4,3,3","1,1,1,1,1,1,1,2,2,2,1,1,1,1,1,1,1,1,1,1","4,2,4,1,4,1,3,1,1,1,2,4,1,4,1,4,1,1,1,1","8,4,4,4,4,4,3,2,6,3,3,3,3,3,8,1,3,3,3,3","1,1,1,1,2,1,1,1,1,1,1,1,1,1,1,1,1,1,1,1","1,1,1,1,1,1,1,1,1,1,1,1,1,1,1,1,1,1,1,1","3,3,3,2,2,2,7,3,3,3,3,3,3,5,3,3,3,3,3,3","0,0,0,1,0,0,0,0,1,0,0,0,0,0,0,1,1,1,1,1","0,1,1,1,1,1,1,1,1,1,0,1,0,0,1,1,1,0,1,1","0,0,1,1,1,1,1,1,1,0,1,1,1,1,1,0,1,1,1,0","0,0,1,0,0,0,1,0,0,0,1,1,1,0,0,0,1,0,0,0","0,1,1,0,0,0,0,0,1,0,1,0,0,0,0,1,0,1,1,1","1,1,0,1,1,1,1,0,0,0,1,0,1,0,0,0,1,0,1,1","0,1,1,1,0,1,0,0,0,0,0,1,1,1,1,1,1,0,0,1","0,0,1,1,0,1,0,1,1,1,0,1,1,1,0,0,1,1,1,1","0,1,0,1,0,0,1,1,1,0,1,0,1,1,1,0,1,1,0,1","1,1,1,1,0,1,1,1,1,0,1,0,1,0,0,1,0,0,0,0","1,1,0,0,0,1,1,1,1,1,1,1,1,1,1,1,1,0,1,0","0,1,0,1,0,0,0,1,0,0,1,1,1,0,1,0,1,1,1,1","4Mid,2Low,4No,4Low,2No,2High,8No,8Low,8High,2Mid,4High,8Mid","13,6,15,8,7,11,15,11,11,11,15,12","2.35"
"70","47.41.242.85","4KIEMXT4XW","2020-07-21","317608","925983","48324","54","male","9","112 coins ood","good","good","1,2,1,1,2,1,2,2,1,2,1,1,2,1,1,2,1,2,1,1","1,4,1,1,2,1,4,1,4,3,2,3,3,2,3,3,1,4,2,1","6,5,1,6,8,6,5,4,8,5,4,2,3,2,4,5,4,6,1,7","2,1,2,1,1,1,2,1,2,1,2,1,2,2,2,1,2,1,2,1","4,2,3,4,3,4,3,2,2,3,2,1,2,3,3,4,3,2,2,4","6,2,3,5,6,8,7,6,6,7,8,4,6,3,7,1,5,2,1,2","1,1,1,2,1,1,1,2,1,2,2,2,1,1,1,1,2,2,1,1","3,3,3,2,4,2,3,2,3,2,4,4,4,2,2,3,2,2,4,2","6,7,3,6,7,4,3,6,7,3,2,8,8,5,2,3,5,2,7,8","1,1,1,1,2,1,2,2,2,1,1,2,1,1,1,1,1,1,1,1","3,1,2,3,4,3,2,4,3,2,2,4,4,2,2,4,4,2,2,2","7,3,3,2,4,6,3,7,5,4,1,3,2,8,5,2,8,6,3,7","0,0,1,0,0,1,0,0,1,0,1,1,1,1,1,0,0,1,0,0","1,1,1,1,0,1,1,0,0,0,1,1,0,1,0,1,0,0,1,1","1,1,1,0,0,0,0,1,1,0,1,1,1,1,1,0,0,1,1,0","0,1,0,0,1,1,0,1,0,1,0,0,0,0,0,0,0,1,0,1","0,1,1,1,0,0,0,1,1,1,0,1,0,1,0,1,1,0,0,0","0,0,1,0,1,0,1,1,0,1,0,0,1,0,1,0,0,0,1,0","1,0,0,0,1,0,1,0,1,0,0,0,0,1,1,1,0,0,1,0","1,0,1,1,0,1,0,0,1,0,1,1,1,0,0,1,0,0,0,0","0,1,0,1,0,0,1,0,1,1,1,0,0,0,1,0,0,0,0,1","1,1,1,1,0,0,0,0,0,0,0,0,1,1,0,0,1,0,1,1","0,1,0,0,1,0,0,0,0,1,0,0,0,0,1,0,0,1,1,1","1,1,0,1,0,0,1,1,0,1,1,1,0,1,0,1,0,0,1,0","2High,8Low,2Mid,4Mid,4No,2No,4Low,8Mid,8No,4High,2Low,8High","9,8,8,9,12,9,10,8,12,7,7,11","2.1"
"71","70.179.22.113","PGCJY1QJ2D","2020-07-21","196410","613785","66254","39","male","14","i just selected one of the machines at random. if it game me money consistently then i would keep clicking on it","i would sometimes take their suggestions, but if i saw a machine was giving me coins regularly, i would deviate from their suggestions","no comment","2,1,2,1,1,1,2,1,2,1,1,2,2,1,1,1,1,1,1,1","1,1,2,3,3,4,3,1,3,1,3,3,1,3,1,1,1,1,1,1","7,1,5,2,3,4,6,8,7,3,4,1,5,6,4,3,7,1,7,3","2,1,1,1,1,1,1,1,1,1,1,1,1,1,1,1,1,1,1,1","3,4,3,3,2,1,1,1,1,1,1,1,1,1,1,1,1,1,1,1","6,5,4,4,8,8,8,1,1,1,1,1,1,1,1,1,1,1,1,1","1,1,1,1,1,1,1,1,1,1,1,1,1,1,1,1,1,1,1,1","3,3,3,3,1,3,3,3,1,1,1,4,1,1,1,1,1,1,1,1","8,4,3,4,1,3,3,3,3,3,3,3,3,3,3,3,3,3,3,3","1,2,1,1,1,1,2,1,1,1,1,1,1,1,1,1,1,1,1,1","4,4,1,3,4,1,1,1,1,1,1,1,1,1,1,1,1,1,1,1","3,3,3,3,3,3,3,3,3,3,3,3,3,3,3,3,3,3,3,3","1,1,0,1,0,0,0,1,0,0,0,0,0,1,1,1,0,1,0,0","1,0,0,1,0,0,1,1,1,0,0,1,1,0,1,1,1,1,1,1","1,1,1,0,1,1,1,0,1,1,1,1,0,0,0,1,1,0,1,0","0,1,1,1,1,1,1,0,1,0,1,0,0,1,1,1,0,1,1,1","1,0,1,0,0,1,1,0,1,1,1,1,1,0,0,1,0,1,1,0","0,0,1,0,1,1,0,1,1,1,1,0,1,1,0,1,0,0,0,1","1,1,0,1,1,1,1,1,0,1,1,1,1,0,1,1,1,1,1,0","1,1,1,0,0,1,1,0,1,1,0,0,1,1,1,1,0,1,1,1","0,1,0,0,0,1,1,1,1,1,1,1,1,1,1,1,1,0,1,0","0,0,1,0,1,0,0,1,1,1,1,0,1,1,0,1,1,1,1,0","1,0,0,1,1,1,1,1,1,1,1,1,1,1,1,1,1,1,0,1","1,1,1,0,1,1,1,1,1,1,1,0,0,0,0,0,0,0,1,1","4High,8Mid,4No,2Mid,2Low,2No,2High,8No,4Low,4Mid,8Low,8High","17,14,13,16,14,8,12,13,12,14,11,12","2.56"
"72","196.16.110.196","9RMP8A52VP","2020-07-22","2302232","887526","293355","39","female","16","Based on the first few attempts, I guess is there is any code like 2,4,6,8 slots or 1,3,5,7 slots will have the coin and proceed depending upon them","For first few attempts I try with the opposite that the demonstrator chose and if this get me coin I will go head with this if not I will go with the demonstrator options.","No Thank You","2,2,2,2,1,1,2,1,2,1,1,1,1,1,1,1,1,1,1,1","2,4,2,4,3,1,2,4,2,1,3,2,2,4,3,2,4,2,1,4","2,8,3,5,2,1,7,6,5,4,2,8,3,7,8,3,7,8,2,8","2,1,1,1,1,1,2,2,1,1,1,2,2,2,2,1,1,1,2,1","3,4,4,4,2,3,4,1,3,3,4,1,4,2,4,3,4,3,3,4","5,4,3,5,1,3,6,2,3,5,1,5,7,4,4,2,3,8,1,6","2,1,2,1,2,2,1,1,2,2,2,2,2,1,1,1,1,2,2,1","1,4,3,2,4,2,1,3,2,1,1,3,2,1,3,4,2,3,4,1","8,7,5,6,2,8,6,5,1,2,3,7,4,8,6,5,3,2,7,8","2,2,2,1,2,2,1,2,2,1,1,1,1,1,1,1,2,2,2,1","1,1,4,3,2,4,3,1,3,4,2,2,4,1,3,2,3,2,4,3","3,1,3,5,5,4,8,2,1,3,8,7,5,4,6,4,3,1,8,2","0,0,0,0,1,0,0,1,0,1,0,1,1,0,1,1,0,1,1,1","0,1,1,0,1,0,0,1,1,0,1,0,1,0,0,0,0,0,0,1","1,0,1,0,1,1,1,0,0,0,0,1,1,1,1,1,1,0,0,0","0,1,0,1,1,1,1,0,0,1,0,0,0,0,0,0,1,0,0,0","0,0,1,0,0,1,0,1,1,0,0,0,1,0,1,1,0,0,1,1","0,0,0,0,0,1,0,1,1,0,1,0,1,0,0,1,0,1,1,1","0,1,0,1,0,0,0,1,0,0,0,0,0,1,0,0,0,0,0,0","1,0,0,1,0,0,1,1,0,0,1,1,0,1,0,0,0,1,0,1","0,1,0,0,0,1,1,0,1,0,1,1,0,0,0,0,1,0,1,1","0,0,0,1,1,0,0,0,0,1,0,1,1,0,0,0,0,0,0,1","1,0,0,1,0,0,0,1,1,0,0,1,1,1,1,0,0,0,0,0","1,0,0,0,0,0,0,0,1,1,0,1,1,0,1,0,1,0,1,1","4Low,8No,4No,8Mid,2Low,4Mid,2Mid,8High,2High,4High,8Low,2No","9,11,8,9,7,9,4,9,6,8,9,10","1.99"
"73","196.17.67.142","NVMDWC9O0E","2020-07-22","759473","711625","110836","28","female","16","I did my best guess","Mostly demonstrator answers are correct. I chosen that","Nice","1,2,1,1,1,2,2,1,1,1,1,1,1,1,1,1,1,1,2,2","1,3,1,4,1,1,1,1,1,3,3,3,3,4,4,4,2,1,1,1","8,5,3,2,8,6,5,7,8,2,2,3,8,5,2,2,8,4,2,8","2,2,1,1,2,1,1,1,1,2,2,1,1,1,1,1,1,2,1,1","3,2,3,3,2,2,3,2,1,4,3,4,4,2,1,2,1,1,4,3","6,5,5,3,4,6,7,3,3,3,1,3,3,2,3,3,5,4,3,3","1,2,1,1,1,2,2,2,1,1,1,1,1,1,1,2,1,2,2,2","3,2,3,1,1,1,3,1,1,4,2,4,1,4,1,1,1,1,1,1","8,4,3,4,1,3,3,2,6,3,3,3,3,3,8,1,3,3,3,3","1,1,1,1,2,2,1,1,2,1,1,1,1,1,1,1,1,1,1,1","1,1,1,3,4,1,1,1,1,1,1,1,1,2,1,1,1,1,1,1","3,6,2,2,7,3,7,3,3,3,3,3,3,5,3,3,3,3,3,3","0,0,1,0,0,0,0,1,1,0,1,0,1,0,0,0,1,0,0,1","1,0,1,0,1,1,1,1,0,1,1,1,0,1,1,0,0,1,1,1","1,0,0,1,1,0,0,0,0,1,0,0,0,0,1,1,0,0,0,1","0,0,1,0,0,0,1,1,1,0,0,1,1,1,1,1,0,0,1,1","1,1,0,1,1,1,0,0,0,0,0,1,0,0,1,1,1,1,1,0","1,0,0,1,1,0,0,1,0,1,0,1,1,1,1,1,0,0,1,1","1,0,0,1,1,0,1,1,1,1,1,1,1,1,1,0,1,0,0,0","1,0,1,0,1,0,0,1,1,0,1,1,0,0,0,0,0,1,1,1","1,0,1,0,1,1,1,1,1,1,1,1,1,0,1,0,0,1,1,1","1,1,1,1,0,0,1,0,0,1,1,1,0,1,0,1,1,0,1,1","1,1,0,1,0,1,1,1,0,1,1,1,1,0,1,1,1,0,1,1","0,0,0,1,1,1,1,1,1,1,1,1,0,0,1,1,1,1,1,1","2Low,8High,2Mid,8No,4Low,8Low,4High,4Mid,2No,4No,2High,8Mid","11,15,13,7,11,12,15,10,7,14,13,15","2.43"
"74","98.236.76.6","4F8KFOEV0P","2020-07-22","609441","959664","94779","37","male","7","no","no","good","1,1,1,1,1,1,1,1,1,1,1,1,1,1,1,1,1,1,1,1","2,2,2,3,3,3,2,3,3,2,2,2,2,2,2,2,2,2,2,2","4,4,4,4,5,2,1,4,4,4,4,4,4,4,4,4,4,4,4,4","1,1,1,1,1,1,1,1,1,1,1,1,1,1,1,1,1,1,1,2","3,3,3,3,3,3,2,2,3,3,3,1,3,3,3,3,3,3,3,3","8,8,8,8,8,8,8,8,8,8,1,8,8,8,8,8,1,4,8,8","2,2,2,2,2,2,2,1,1,1,1,1,1,1,2,2,1,1,2,2","2,2,3,3,3,3,3,3,3,3,2,2,2,2,2,2,2,2,3,3","8,1,1,1,1,1,1,1,1,1,7,1,1,1,1,1,1,1,1,1","2,1,1,1,1,1,2,1,1,1,1,1,1,1,1,1,1,1,1,1","2,2,4,2,2,2,2,2,2,4,4,4,4,4,4,4,4,4,4,2","1,1,1,6,1,3,1,1,1,1,3,1,1,1,1,1,1,1,1,1","1,1,0,1,1,1,0,0,0,1,1,0,1,1,0,1,1,1,1,1","0,0,0,1,1,0,0,0,0,1,0,1,1,1,0,0,0,0,1,0","1,0,0,0,0,0,0,1,0,0,1,0,0,1,1,0,1,0,0,1","0,1,0,1,1,1,0,1,0,1,0,1,1,1,1,1,1,1,0,1","1,1,1,0,0,0,1,0,1,0,1,0,0,1,1,0,1,0,1,1","1,0,1,0,1,0,1,1,1,0,0,0,1,1,0,0,0,0,0,1","0,0,0,0,0,0,0,1,1,1,1,1,1,0,0,0,1,0,1,0","0,0,1,1,1,1,1,1,1,0,1,1,1,0,1,1,0,0,1,1","0,1,1,1,0,0,1,1,1,0,1,0,1,0,0,1,1,1,0,0","0,1,1,0,0,0,0,1,1,1,1,1,1,0,1,0,1,0,1,0","0,0,0,0,0,0,1,0,0,1,1,1,0,1,1,1,1,0,0,1","1,1,0,0,0,1,1,0,0,0,0,0,1,1,0,1,1,0,0,0","2Low,4Low,8Low,4No,2Mid,8High,4Mid,2No,8No,8Mid,2High,4High","14,11,9,7,8,8,14,14,7,11,11,9","2.23"
"75","76.18.78.237","1CDEQO2Z3G","2020-07-22","128042","713260","340672","36","female","20","I tried to see if a machine gave coins. If it did, I kept using it. Then, if it didnt, I switched to a new machine. These were my stategries. ","I copied the demonstrater for a while. If their choices didnt make sense, I changed to a new machine. ","None","2,1,1,1,1,1,2,1,1,1,1,1,1,1,1,1,1,1,1,1","3,2,1,1,4,1,1,1,1,1,1,1,4,1,2,3,1,1,1,1","2,3,3,3,3,3,3,3,3,3,3,3,3,3,3,3,3,3,3,3","2,1,1,1,1,1,1,1,1,1,1,1,1,1,1,1,1,1,1,1","3,2,2,4,4,1,1,2,3,3,3,3,3,2,2,2,4,4,1,3","6,6,5,7,7,8,8,8,8,8,8,4,4,4,4,4,4,3,4,2","1,1,1,1,2,1,1,1,1,1,1,1,1,1,1,1,1,1,1,1","3,3,3,3,3,3,3,3,3,3,3,3,3,3,3,3,3,3,3,3","8,8,3,4,4,1,5,3,3,3,3,3,3,3,3,3,3,3,3,3","1,1,1,1,2,2,1,1,1,1,1,1,1,1,1,1,1,1,1,1","4,1,1,3,4,1,1,1,1,1,1,1,1,1,1,1,1,1,1,1","3,3,3,2,7,3,3,3,3,3,3,3,3,3,3,3,3,3,3,3","0,1,0,1,0,0,0,1,1,0,0,0,1,1,1,1,0,1,1,1","0,0,1,0,0,1,0,1,1,0,0,0,0,0,0,0,0,1,1,1","0,1,1,1,1,1,1,0,1,1,0,1,1,1,1,0,1,0,1,0","0,1,1,1,1,1,1,1,0,1,1,0,1,1,0,0,1,1,0,0","0,1,0,1,0,1,0,0,1,0,1,0,0,1,0,0,0,0,0,0","1,0,0,1,0,1,1,0,1,0,0,1,1,0,0,0,0,0,0,1","1,0,1,0,0,0,1,1,1,1,1,0,0,0,0,1,0,1,1,1","1,1,0,1,0,1,1,0,0,1,1,0,1,1,0,0,1,1,1,1","1,0,0,1,0,0,0,1,1,1,1,1,1,1,0,1,1,1,1,0","1,1,0,0,0,0,1,0,1,1,1,1,0,1,0,0,1,1,1,0","0,1,0,0,0,1,1,1,1,0,1,1,1,1,1,1,1,1,1,1","1,1,0,0,1,1,1,1,1,0,1,1,1,1,1,1,0,1,1,0","4High,2Low,8High,2High,4Low,8No,4Mid,8Mid,2Mid,2No,8Low,4No","15,13,15,11,6,14,13,13,11,11,8,7","2.37"
